Be0, Be1, Be2, Be3, Be4, Be5, Be6, Be7, Be8, Be9, Be10, Be11, Be12, Be13, Be14, Be15, Be16, Be17, Be18, Be19, Be20, Be21, Be22, Be23, Be24, Be25, Where 26, Where 27, Where 28, Where 29, Where 30, Where 31, Where 32, Where 33, Where 34, Where 35, Where 36, Where 37, Where 38, Where 39, Where 40, Where 41, Where 42, Where 43, Where 44, Where 49, Where 50, Where 51, Where 52, Where 53, Where 54 Where 55, Where 56, Where 57, Where 58, Where 59, Where 60, Where 61, Where 62, Where 63, Where 64, Where 65, Where 66, Where 67, Where 68, Where 69, Where 70, Where 71, Where 72, Where 73, Where 74, Where 75, Where 76, Where 77, Where 78, Where 79, Where 80, Where 81, Where 82, Where 83, Where 84, Where 85, Where 86, Where 87, Where 88, Where 89, Where 90, Where 91, Where 92
0,0.0,0.11562609,0.042202943,0.1859503,0.18711571,0.17953052,0.17954198,0.065504259,0.082539393,0.17561697,0.06686006,0.072517166,0.15790711,0.1657851,0.13925253,0.17154145,0.16791123,0.15004199,0.1641954,0.16731852,0.14975198,0.15845391,0.14251958,0.16740485,0.26110585,0.2644716,0.28230916,0.24327589,0.24688918,0.25493223,0.28043638,0.25984713,0.25944382,0.23796278,0.25219682,0.26344305,0.22437445,0.23015201,0.22149781,0.22313661,0.22458957,0.21786218,0.22890637,0.22077901,0.26095144,0.25388861,0.25670718,0.2490197,0.26400044,0.25671072,0.26124015,0.26608732,0.25150234,0.26646144,0.27239442,0.2530087,0.24588844,0.25610643,0.24756446,0.26479011,0.25288354,0.2484092,0.24206044,0.24627384,0.2514796,0.25914156,0.24343781,0.23452104,0.19090913,0.24438912,0.22648342,0.25705737,0.23694324,0.21962784,0.2256949,0.24116677,0.25892987,0.24311848,0.2281523,0.23368479,0.23494762,0.245267,0.24719823,0.23252053,0.21881571,0.23696011,0.25873185,0.22716484
1,0.11562609,0.0,0.12056124,0.18981009,0.19431702,0.18738805,0.1919215,0.09942936,0.088303318,0.18791731,0.097672183,0.10235103,0.14404529,0.13828052,0.13534905,0.14029908,0.14356516,0.13557402,0.1457345,0.14545964,0.12194614,0.14205,0.13139677,0.14881159,0.24381779,0.24655609,0.28604051,0.23467172,0.22940474,0.26297925,0.28533426,0.23102663,0.2404437,0.23014183,0.24596103,0.2784421,0.2393966,0.24619352,0.19945297,0.19675661,0.24285541,0.23478238,0.21985453,0.21123099,0.26420271,0.27592002,0.26844152,0.26162798,0.26462468,0.25921917,0.2630381,0.2696678,0.26944453,0.28331286,0.2874377,0.25910621,0.24086818,0.26584264,0.25987255,0.26274365,0.26286539,0.23988864,0.25720797,0.26856218,0.26826103,0.26653188,0.23221398,0.23668653,0.2134532,0.25065132,0.22988022,0.23781274,0.2276334,0.23531048,0.25376886,0.2516033,0.25785334,0.25870587,0.23669594,0.25139038,0.24677404,0.23224536,0.26682507,0.25086339,0.23590803,0.22849335,0.26517569,0.23091778
2,0.042202943,0.12056124,0.0,0.18672022,0.18213187,0.17366524,0.18169339,0.063125655,0.090763876,0.17656369,0.066045776,0.069384306,0.17031523,0.16126395,0.13838278,0.1749576,0.16520281,0.14949056,0.17062104,0.16796975,0.14909911,0.16321929,0.14885216,0.1715355,0.26222373,0.26856842,0.27970526,0.24845856,0.249661,0.2542343,0.27716865,0.260078,0.26039976,0.24230044,0.26348057,0.26371215,0.22729863,0.23149218,0.22501262,0.22407955,0.23410153,0.22322731,0.22891586,0.22376491,0.25469515,0.25454201,0.25382401,0.25113359,0.25770065,0.25627245,0.25936679,0.26278501,0.25200287,0.26387282,0.26160006,0.24820885,0.24820679,0.25837912,0.24987454,0.25991014,0.24413214,0.25402084,0.24388481,0.23924061,0.24553257,0.25771902,0.24377235,0.22584959,0.18752239,0.23941375,0.2308933,0.24285626,0.22795941,0.22052402,0.21406675,0.2267551,0.24558337,0.23178747,0.2134097,0.2211391,0.22236776,0.23400373,0.2375949,0.22230672,0.20949253,0.23373331,0.25021448,0.23529046
3,0.1859503,0.18981009,0.18672022,0.0,0.21141273,0.074611889,0.069573967,0.18231125,0.18242343,0.043113087,0.19043598,0.19138537,0.14546941,0.14031878,0.16188506,0.14001227,0.14170659,0.15804147,0.1396533,0.13534755,0.16703319,0.13958658,0.15988122,0.14367979,0.24003167,0.24420184,0.26262502,0.22735256,0.20872789,0.24747367,0.25867574,0.23556714,0.23775607,0.20210108,0.23558626,0.2609695,0.22207461,0.2214855,0.20966788,0.20185128,0.2127483,0.22072882,0.2005773,0.20438197,0.24269243,0.24991974,0.24843468,0.26824112,0.24144388,0.24048297,0.25718489,0.24564381,0.25345619,0.24836931,0.2573273,0.23713526,0.25849841,0.2600429,0.24476452,0.25181072,0.24048402,0.26742374,0.25413,0.23995729,0.24871363,0.24375317,0.24923101,0.20749038,0.22659917,0.21424461,0.22160652,0.24793805,0.21164516,0.24088594,0.23009035,0.2454312,0.23377762,0.22223298,0.23024859,0.24425128,0.24233074,0.21415518,0.2350094,0.23142441,0.23953711,0.20865137,0.20932709,0.22036232
4,0.18711571,0.19431702,0.18213187,0.21141273,0.0,0.21476063,0.21588805,0.18208105,0.17535932,0.20569375,0.17731529,0.1885359,0.17505583,0.17624765,0.16379865,0.18287173,0.17675317,0.16424871,0.18455162,0.18696453,0.15719376,0.17856058,0.16424541,0.18176916,0.23492813,0.23487717,0.25977698,0.24383639,0.2019614,0.24138454,0.25685204,0.24001278,0.24188916,0.18814742,0.23875729,0.22844976,0.21578369,0.22897071,0.18200646,0.17882489,0.20613526,0.21360224,0.18194684,0.17870691,0.22323853,0.22013222,0.22101447,0.22005848,0.23717734,0.20682069,0.21517317,0.23021303,0.21487476,0.22173633,0.23242293,0.21728648,0.21984079,0.19505315,0.21760323,0.22098355,0.23354219,0.21599799,0.20951553,0.21360351,0.22460893,0.22603491,0.2253227,0.22425612,0.22077702,0.21286702,0.21939227,0.23748273,0.22824144,0.24366965,0.24123635,0.23863621,0.24004053,0.22760933,0.22989652,0.223067,0.2373563,0.23311915,0.23073882,0.23106168,0.23015288,0.232332,0.2624948,0.22641665
5,0.17953052,0.18738805,0.17366524,0.074611889,0.21476063,0.0,0.041092014,0.18185329,0.17332195,0.062903961,0.18555254,0.18380904,0.14501228,0.13673537,0.15308099,0.14200847,0.14811386,0.14833714,0.14573398,0.13861678,0.15799537,0.14275954,0.15288712,0.14913339,0.23897372,0.24098262,0.25727567,0.21723932,0.2003371,0.24129603,0.25224266,0.22460588,0.22507921,0.19512207,0.2288859,0.25620221,0.21058137,0.20488403,0.20028563,0.19392979,0.20801171,0.20386529,0.19114807,0.19456966,0.25343516,0.2693173,0.25956276,0.26812891,0.25432429,0.25185123,0.27026072,0.25951263,0.2639364,0.26874773,0.27001605,0.24908772,0.26388394,0.26970395,0.25959343,0.2636107,0.24624287,0.26364617,0.27031301,0.25513975,0.26256073,0.25987701,0.24881809,0.21565488,0.21302241,0.21347856,0.23448281,0.2395204,0.21630968,0.25736568,0.22598508,0.23399277,0.23673747,0.21920481,0.22611221,0.2237649,0.23731284,0.21438874,0.23364178,0.21254259,0.21744698,0.21353292,0.21951232,0.2337592
6,0.17954198,0.1919215,0.18169339,0.069573967,0.21588805,0.041092014,0.0,0.18296927,0.17721417,0.068342968,0.18646994,0.18967254,0.14832017,0.13631802,0.15688908,0.1472057,0.15092718,0.15100922,0.15028379,0.14014767,0.16364392,0.1444613,0.151338,0.15191982,0.2432681,0.24847247,0.26031069,0.21886043,0.20762987,0.24759481,0.25559361,0.23456984,0.23115064,0.19944148,0.23202801,0.25951045,0.21462488,0.20992217,0.20724949,0.20026908,0.20754265,0.20567206,0.19818359,0.19862725,0.25446573,0.27263846,0.2650179,0.28172561,0.2588626,0.25789821,0.27421504,0.26341876,0.27080043,0.27056079,0.27246976,0.25417101,0.2676118,0.27366667,0.26578002,0.27027645,0.24962943,0.26547967,0.2749226,0.25982555,0.2675705,0.26113641,0.2502755,0.21411053,0.22338452,0.21629589,0.23637005,0.24399773,0.21493006,0.25602599,0.223832,0.23988441,0.23279947,0.22071758,0.22718336,0.22889065,0.24195553,0.21416408,0.23283844,0.21771117,0.21877008,0.21072447,0.22204496,0.2342715
7,0.065504259,0.09942936,0.063125655,0.18231125,0.18208105,0.18185329,0.18296927,0.0,0.091585945,0.18190655,0.054367962,0.060714249,0.14093744,0.14828747,0.1351811,0.15379976,0.14960627,0.13788806,0.15175806,0.14982006,0.13200094,0.15069188,0.1388513,0.14896695,0.25577045,0.26248533,0.2756504,0.24410237,0.2492188,0.25838664,0.27139995,0.25517914,0.25314793,0.23480688,0.25536646,0.24995578,0.23249296,0.24279358,0.2143369,0.21243581,0.23306004,0.22716215,0.22435093,0.21906217,0.25188451,0.25576142,0.24489688,0.24778413,0.25047869,0.24425892,0.25646433,0.26292904,0.26075777,0.25980935,0.2754682,0.24698438,0.24050897,0.25362068,0.23582239,0.2585796,0.24529253,0.24710858,0.24655035,0.24104128,0.24146609,0.24616825,0.23926428,0.22604472,0.19034024,0.23815983,0.22351434,0.24336168,0.22500349,0.22534728,0.22359053,0.23868019,0.25018515,0.23304662,0.22057795,0.22940088,0.22122536,0.22967277,0.24703448,0.23715509,0.22368746,0.22513718,0.24640515,0.22894565
8,0.082539393,0.088303318,0.090763876,0.18242343,0.17535932,0.17332195,0.17721417,0.091585945,0.0,0.17593467,0.09220713,0.09452612,0.14756889,0.14483685,0.13429807,0.14737601,0.15284682,0.13372924,0.15304815,0.15279348,0.13014203,0.14531911,0.13242913,0.14647798,0.24755858,0.25035901,0.28218336,0.24110029,0.23854105,0.25516103,0.28373496,0.24504759,0.24846349,0.22866189,0.25044016,0.26714186,0.22235437,0.23060872,0.2078275,0.20204235,0.2268349,0.22071673,0.21185738,0.20379955,0.26104258,0.25467843,0.25305977,0.2518086,0.26209981,0.24912288,0.25989197,0.26094123,0.25115205,0.26299386,0.27594115,0.2491215,0.23636872,0.2435213,0.24869483,0.26457938,0.25523504,0.2432358,0.24179726,0.24963791,0.25445443,0.25468089,0.23309718,0.23000063,0.20156028,0.25010514,0.2303476,0.24860562,0.2247942,0.23118742,0.23559644,0.25184069,0.2496466,0.24157058,0.23417782,0.23967036,0.24345656,0.23053276,0.2517573,0.23755069,0.23457897,0.22639228,0.26573741,0.22800413
9,0.17561697,0.18791731,0.17656369,0.043113087,0.20569375,0.062903961,0.068342968,0.18190655,0.17593467,0.0,0.18469439,0.18120597,0.13158152,0.13173981,0.15668956,0.13103821,0.13734104,0.15353882,0.13462652,0.12460071,0.15861846,0.1315322,0.15544066,0.13634912,0.23167695,0.23829406,0.26051773,0.22128985,0.19851582,0.24154894,0.2612918,0.23194451,0.23200883,0.18948508,0.23278634,0.25568624,0.21029324,0.2055197,0.19540222,0.18866144,0.20574652,0.21494877,0.18744733,0.19096656,0.25114999,0.26336185,0.25791921,0.26258759,0.25273406,0.24577276,0.26818401,0.25627224,0.259942,0.26445235,0.27084718,0.24567439,0.26595061,0.26139663,0.2564445,0.26241173,0.24590246,0.26877565,0.25861629,0.25043061,0.26100393,0.25088205,0.25178104,0.21575437,0.2109008,0.20021204,0.2174498,0.2397909,0.21468355,0.24057622,0.22048731,0.22506658,0.23383373,0.21707779,0.21245434,0.23768984,0.2322769,0.21847068,0.23081275,0.22179393,0.23019947,0.2135744,0.22208333,0.21807751
10,0.06686006,0.097672183,0.066045776,0.19043598,0.17731529,0.18555254,0.18646994,0.054367962,0.09220713,0.18469439,0.0,0.059843578,0.14217572,0.14507524,0.12893453,0.15043863,0.14895216,0.13314587,0.1518705,0.15641945,0.13811349,0.14288061,0.13177179,0.14441409,0.25364607,0.25443231,0.28840991,0.24560862,0.24691633,0.26211397,0.28736499,0.25202252,0.25350632,0.23801876,0.25038769,0.27110146,0.23239086,0.24489017,0.20833275,0.20886168,0.23349571,0.22703947,0.22387543,0.21624724,0.26177969,0.25394061,0.2555342,0.25961746,0.25958818,0.24782514,0.25173285,0.2710645,0.25843341,0.27053707,0.27503643,0.2500154,0.23752158,0.25694923,0.24339664,0.25361967,0.25053501,0.23797432,0.24185926,0.24959642,0.24900992,0.25193922,0.23246212,0.22099297,0.19784325,0.24188399,0.2136778,0.23933978,0.21728048,0.21761305,0.22425743,0.23219091,0.2468468,0.23514802,0.2264168,0.22928776,0.22986991,0.22652993,0.24663985,0.23367429,0.2209693,0.21914483,0.25081651,0.22273793
11,0.072517166,0.10235103,0.069384306,0.19138537,0.1885359,0.18380904,0.18967254,0.060714249,0.09452612,0.18120597,0.059843578,0.0,0.14460668,0.15351815,0.13761954,0.15390729,0.15379073,0.14514527,0.15153959,0.15615246,0.1438302,0.15188082,0.14326375,0.14713069,0.25320075,0.25924759,0.27316979,0.23110779,0.23466433,0.25683926,0.27199346,0.25444341,0.25141087,0.23752548,0.24612272,0.26635107,0.23465299,0.24260365,0.21625656,0.21742192,0.23093445,0.22418461,0.22657532,0.21804474,0.25547884,0.25830659,0.255906,0.25036865,0.25910239,0.25435877,0.25913496,0.26293304,0.25496531,0.27450462,0.26884152,0.25146437,0.23102134,0.26197986,0.24351391,0.26398853,0.25196283,0.23444523,0.23938815,0.252051,0.25364191,0.25941568,0.23272219,0.21928212,0.20829354,0.25004807,0.22418937,0.23455797,0.21740091,0.22051555,0.23070514,0.22578182,0.24397293,0.24404944,0.22348719,0.23150386,0.23223,0.22700965,0.24598555,0.23715906,0.23041191,0.21680758,0.25422942,0.22263675
12,0.15790711,0.14404529,0.17031523,0.14546941,0.17505583,0.14501228,0.14832017,0.14093744,0.14756889,0.13158152,0.14217572,0.14460668,0.0,0.064935362,0.10163333,0.060422774,0.058371232,0.10453294,0.065820173,0.055590895,0.098725589,0.060067296,0.098842664,0.062921655,0.20957715,0.20712414,0.24923688,0.20619844,0.17126056,0.23362984,0.25289209,0.20978745,0.20757081,0.15527449,0.21052059,0.23913969,0.19929053,0.2076898,0.13199586,0.1281911,0.20389021,0.2088605,0.14570605,0.14014504,0.24944907,0.24802337,0.25024739,0.25078658,0.24244905,0.24262881,0.24313377,0.25303074,0.25965172,0.25593835,0.26734253,0.23411887,0.24691263,0.25306532,0.24160229,0.2415144,0.24088003,0.25333628,0.24835515,0.24673019,0.24236932,0.24262419,0.24473176,0.24806402,0.2212368,0.21408747,0.22994421,0.23153479,0.23969426,0.24646508,0.23323292,0.23060704,0.26153283,0.24988332,0.21747037,0.23841416,0.22648551,0.24198289,0.25585631,0.22799287,0.23643632,0.24289333,0.23326743,0.22400765
13,0.1657851,0.13828052,0.16126395,0.14031878,0.17624765,0.13673537,0.13631802,0.14828747,0.14483685,0.13173981,0.14507524,0.15351815,0.064935362,0.0,0.096967225,0.069368304,0.063594314,0.089255923,0.063895033,0.059042078,0.089011423,0.058131919,0.086685973,0.068200655,0.22063284,0.20814647,0.25407874,0.21371254,0.1738858,0.2404495,0.2533781,0.21346991,0.2158352,0.16585781,0.20825858,0.24915975,0.21114877,0.21651856,0.14239083,0.13816786,0.20557919,0.20415758,0.15062802,0.15063085,0.24950239,0.2576348,0.25798894,0.26536539,0.23415197,0.24751709,0.24308505,0.25627594,0.2710724,0.25518591,0.26960178,0.2371716,0.2429373,0.26593788,0.24116458,0.24338008,0.24569151,0.24983282,0.2598921,0.24851116,0.24681128,0.23956825,0.23753073,0.23692857,0.22962665,0.21744249,0.22989449,0.22519364,0.22692796,0.25015069,0.23804579,0.23878125,0.24679717,0.24529592,0.22854907,0.24514121,0.23082263,0.22907244,0.25315293,0.22308079,0.23774681,0.22761532,0.22831057,0.22971177
14,0.13925253,0.13534905,0.13838278,0.16188506,0.16379865,0.15308099,0.15688908,0.1351811,0.13429807,0.15668956,0.12893453,0.13761954,0.10163333,0.096967225,0.0,0.10774227,0.11036026,0.045827795,0.11104851,0.11104622,0.078655103,0.09448343,0.043638195,0.10879458,0.22110732,0.22555736,0.25593366,0.21465841,0.19653615,0.2393367,0.2529134,0.21552664,0.21651715,0.18360904,0.22205628,0.23771963,0.20752544,0.21866723,0.16852162,0.15055508,0.20829955,0.21217314,0.16747505,0.16520548,0.23565572,0.24442729,0.23393907,0.242164,0.2352618,0.23034642,0.24165662,0.24563574,0.25522221,0.24773954,0.25412886,0.22379195,0.24932722,0.24281941,0.23856431,0.23724098,0.22535602,0.25244718,0.24382243,0.24431622,0.23685012,0.23202163,0.24608496,0.2468512,0.19625789,0.23757306,0.24496124,0.24309359,0.24481832,0.25467115,0.23742194,0.24883537,0.26689451,0.25646626,0.2269727,0.2338815,0.23898386,0.24214381,0.25599911,0.23164971,0.23293395,0.24816821,0.24395505,0.24477587
15,0.17154145,0.14029908,0.1749576,0.14001227,0.18287173,0.14200847,0.1472057,0.15379976,0.14737601,0.13103821,0.15043863,0.15390729,0.060422774,0.069368304,0.10774227,0.0,0.061798383,0.098029368,0.063591989,0.050007123,0.096332547,0.061446098,0.10439525,0.038487048,0.213692,0.20182683,0.25666026,0.20759307,0.17374417,0.23721083,0.26014166,0.20392993,0.21039789,0.16540266,0.2126082,0.25679544,0.21380699,0.22218054,0.13527601,0.12466498,0.21945222,0.21528568,0.14896914,0.14576474,0.24803726,0.26126449,0.25336151,0.27309118,0.2450376,0.24843535,0.24370621,0.25359965,0.27531052,0.26837467,0.27629472,0.24267932,0.24972928,0.27103783,0.2464625,0.24386582,0.2464762,0.25810814,0.26207727,0.25473225,0.24991844,0.25491554,0.24844374,0.25108146,0.2347444,0.235764,0.22253658,0.23757793,0.23955887,0.25824369,0.25337323,0.24842741,0.26285939,0.26106945,0.23416375,0.25407161,0.23511638,0.23788711,0.25771863,0.24082624,0.25213232,0.24162648,0.23793676,0.22544347
16,0.16791123,0.14356516,0.16520281,0.14170659,0.17675317,0.14811386,0.15092718,0.14960627,0.15284682,0.13734104,0.14895216,0.15379073,0.058371232,0.063594314,0.11036026,0.061798383,0.0,0.10092912,0.068262871,0.068146647,0.10220873,0.049127898,0.095942002,0.056309327,0.2222607,0.20819957,0.25863406,0.21294307,0.17888177,0.24594091,0.26051181,0.21051467,0.21534275,0.16544316,0.21493376,0.25081811,0.21450182,0.22010182,0.14673248,0.14124503,0.21325452,0.21374517,0.16362792,0.15492447,0.24351233,0.25123034,0.25082603,0.25491143,0.23439478,0.24245503,0.24232062,0.2533412,0.26020243,0.25326726,0.26642951,0.23241727,0.24897984,0.25478664,0.23482596,0.23802126,0.24503552,0.25639112,0.24930254,0.24671322,0.24583287,0.23956486,0.24663518,0.23496405,0.22391091,0.22509976,0.22914457,0.23599911,0.23140889,0.24371156,0.24036809,0.23960758,0.2544746,0.25040176,0.2249178,0.24803561,0.2292969,0.23135166,0.25565554,0.22784325,0.24603084,0.23552136,0.23337486,0.23089172
17,0.15004199,0.13557402,0.14949056,0.15804147,0.16424871,0.14833714,0.15100922,0.13788806,0.13372924,0.15353882,0.13314587,0.14514527,0.10453294,0.089255923,0.045827795,0.098029368,0.10092912,0.0,0.10667802,0.1020849,0.065469803,0.085866857,0.030939484,0.099871638,0.22042626,0.21619348,0.25549213,0.20789514,0.18487975,0.2414952,0.25089774,0.20602445,0.20917035,0.17519139,0.21222134,0.24356364,0.20618548,0.21584638,0.15502308,0.14288736,0.20607922,0.2091257,0.1584731,0.15900128,0.23152978,0.25408486,0.24077298,0.25085821,0.22772009,0.23341044,0.2450985,0.24499321,0.26284399,0.25863147,0.26012125,0.22679169,0.24457268,0.25819051,0.24044199,0.23828714,0.23013935,0.24988811,0.25089593,0.24968528,0.24675673,0.23352483,0.24230518,0.24460641,0.200108,0.23798299,0.24089902,0.23338655,0.2380242,0.25394931,0.23645715,0.24337865,0.26164172,0.25233889,0.22603889,0.22921471,0.23493105,0.23619162,0.25708992,0.22533124,0.23452596,0.23799517,0.24083983,0.24134891
18,0.1641954,0.1457345,0.17062104,0.1396533,0.18455162,0.14573398,0.15028379,0.15175806,0.15304815,0.13462652,0.1518705,0.15153959,0.065820173,0.063895033,0.11104851,0.063591989,0.068262871,0.10667802,0.0,0.053428079,0.10884598,0.063514988,0.1069402,0.056976826,0.22630795,0.21872417,0.26796825,0.21466027,0.17867943,0.2466173,0.26769361,0.21907487,0.22018563,0.16290204,0.22676739,0.25742304,0.22075383,0.22760072,0.14874853,0.14028478,0.22192054,0.22282854,0.15434013,0.15553734,0.25881436,0.26090548,0.25725334,0.26386505,0.24722985,0.25438051,0.24911648,0.26638335,0.27208462,0.26409134,0.27378718,0.25077138,0.25601637,0.26365058,0.24602115,0.25214308,0.25375271,0.26096825,0.25843598,0.25392663,0.25051053,0.24814761,0.24936108,0.24610634,0.2263584,0.2292945,0.23330627,0.23521562,0.23775474,0.24747322,0.24765591,0.24921359,0.26158631,0.25464858,0.2355326,0.2527609,0.23435263,0.23712922,0.26289348,0.23674214,0.2444568,0.23740032,0.24746744,0.23400488
19,0.16731852,0.14545964,0.16796975,0.13534755,0.18696453,0.13861678,0.14014767,0.14982006,0.15279348,0.12460071,0.15641945,0.15615246,0.055590895,0.059042078,0.11104622,0.050007123,0.068146647,0.1020849,0.053428079,0.0,0.10035718,0.066841769,0.10055097,0.047739106,0.20965058,0.20405461,0.24800651,0.20292855,0.16554805,0.23417312,0.24818515,0.20705166,0.20446672,0.16069612,0.20180575,0.2414713,0.2018997,0.20651118,0.13495871,0.13104054,0.20314985,0.20403344,0.1433181,0.14254811,0.24770831,0.25364445,0.25530435,0.26287472,0.23519586,0.24984897,0.24537837,0.25467102,0.27342715,0.25731718,0.27086115,0.23712549,0.24321279,0.2668096,0.2381596,0.24147047,0.24340133,0.25035584,0.25715691,0.24577004,0.24461698,0.23788065,0.23739242,0.23806519,0.22652205,0.21596065,0.23087567,0.22356373,0.23072212,0.2469085,0.2389018,0.237931,0.25123485,0.24571721,0.2297332,0.24209819,0.22819085,0.23467161,0.25210644,0.22463497,0.23922392,0.23208781,0.22681562,0.22812581
20,0.14975198,0.12194614,0.14909911,0.16703319,0.15719376,0.15799537,0.16364392,0.13200094,0.13014203,0.15861846,0.13811349,0.1438302,0.098725589,0.089011423,0.078655103,0.096332547,0.10220873,0.065469803,0.10884598,0.10035718,0.0,0.085257242,0.066006972,0.10146927,0.21588602,0.21080897,0.25357336,0.20901414,0.18469013,0.23925384,0.25156047,0.20273363,0.20235206,0.18013273,0.21569778,0.24275497,0.2097176,0.22376065,0.15598263,0.14252481,0.21078419,0.21137048,0.16639639,0.15871349,0.22076223,0.23168533,0.23123662,0.24185841,0.21274142,0.22399904,0.22019209,0.2324397,0.24879637,0.23332493,0.2439116,0.21652807,0.23687092,0.24777288,0.21231658,0.21715286,0.22254881,0.2407379,0.23923897,0.22545026,0.22491193,0.2191206,0.23521644,0.23475409,0.19626158,0.22970578,0.22704353,0.22250515,0.2271647,0.23993842,0.23602431,0.23837737,0.24962723,0.23999726,0.22288861,0.22470813,0.23378888,0.22704474,0.23776588,0.22414941,0.22715202,0.22514617,0.22946255,0.23092292
21,0.15845391,0.14205,0.16321929,0.13958658,0.17856058,0.14275954,0.1444613,0.15069188,0.14531911,0.1315322,0.14288061,0.15188082,0.060067296,0.058131919,0.09448343,0.061446098,0.049127898,0.085866857,0.063514988,0.066841769,0.085257242,0.0,0.084685602,0.059657409,0.21941414,0.20693251,0.25478804,0.20788517,0.17407742,0.24084737,0.2571172,0.20673152,0.21284895,0.15976643,0.2138549,0.24373617,0.20670932,0.21557324,0.14563404,0.13911166,0.20993452,0.2086491,0.15337465,0.15272938,0.24843811,0.25173111,0.2518485,0.25381166,0.23426262,0.24109898,0.23468324,0.25936685,0.25877503,0.25218606,0.26458677,0.23617426,0.23877874,0.25171972,0.23936296,0.23711836,0.24824732,0.24746593,0.24542013,0.24442345,0.24099593,0.23446933,0.23581369,0.23429169,0.21488554,0.21530958,0.21535698,0.22146575,0.22832316,0.23216856,0.22985253,0.23099827,0.25372838,0.24333699,0.22044414,0.23705903,0.22262469,0.22838382,0.25207696,0.21757914,0.22715569,0.23232906,0.23041329,0.21775877
22,0.14251958,0.13139677,0.14885216,0.15988122,0.16424541,0.15288712,0.151338,0.1388513,0.13242913,0.15544066,0.13177179,0.14326375,0.098842664,0.086685973,0.043638195,0.10439525,0.095942002,0.030939484,0.1069402,0.10055097,0.066006972,0.084685602,0.0,0.10263278,0.21279232,0.21540786,0.24904339,0.2076433,0.18468567,0.23519066,0.24502494,0.20735715,0.20509187,0.17151086,0.21188056,0.2317826,0.20262901,0.21256471,0.1526142,0.1392005,0.20101359,0.20425909,0.15416044,0.15171274,0.22828615,0.24736851,0.23260682,0.23973567,0.22583379,0.22645962,0.23977888,0.24494565,0.24828653,0.24501323,0.2526148,0.22169791,0.23713541,0.2426301,0.23469824,0.23289354,0.22821504,0.2398957,0.24096382,0.23956141,0.23668291,0.22934184,0.23559211,0.24006235,0.19448523,0.2352182,0.2411718,0.23723246,0.23821643,0.25477534,0.23686089,0.24114934,0.26067014,0.25354325,0.22454552,0.22808702,0.23940705,0.23343722,0.25322828,0.22609662,0.23042977,0.2396014,0.24086909,0.24037281
23,0.16740485,0.14881159,0.1715355,0.14367979,0.18176916,0.14913339,0.15191982,0.14896695,0.14647798,0.13634912,0.14441409,0.14713069,0.062921655,0.068200655,0.10879458,0.038487048,0.056309327,0.099871638,0.056976826,0.047739106,0.10146927,0.059657409,0.10263278,0.0,0.21732652,0.20592464,0.25899966,0.21198937,0.17897631,0.24274998,0.25770313,0.20335571,0.2139531,0.17137176,0.20950624,0.25374431,0.21227615,0.21652033,0.14163632,0.13567336,0.21834945,0.21832776,0.15593817,0.15374082,0.25094036,0.25500122,0.25691661,0.26647901,0.25375997,0.25627217,0.24292212,0.25493289,0.27442952,0.2624839,0.27860378,0.2465748,0.24962227,0.26972339,0.24412463,0.23874781,0.2495726,0.2546896,0.26166469,0.25234668,0.24645536,0.25436849,0.24484523,0.24200784,0.22572949,0.23281175,0.22781865,0.22970532,0.23282938,0.25599067,0.24670937,0.241033,0.25562276,0.25432931,0.2263188,0.24953256,0.24156475,0.23490594,0.25926107,0.23930057,0.25190275,0.23556055,0.23910396,0.23100182
24,0.26110585,0.24381779,0.26222373,0.24003167,0.23492813,0.23897372,0.2432681,0.25577045,0.24755858,0.23167695,0.25364607,0.25320075,0.20957715,0.22063284,0.22110732,0.213692,0.2222607,0.22042626,0.22630795,0.20965058,0.21588602,0.21941414,0.21279232,0.21732652,0.0,0.095225365,0.14080325,0.10748517,0.13258286,0.09633475,0.14354645,0.10086305,0.090792357,0.15464344,0.12610398,0.15752925,0.15340483,0.15659545,0.1574762,0.15914852,0.17127232,0.17033502,0.15628728,0.15617447,0.24439526,0.27572343,0.25552022,0.25832407,0.25537609,0.24996764,0.25532474,0.24969909,0.26121177,0.27111908,0.25884891,0.24310836,0.26179167,0.26485579,0.25777194,0.24302371,0.25134593,0.26497046,0.24840359,0.26082697,0.25532508,0.26409844,0.27022974,0.29397767,0.25905598,0.28615988,0.2795859,0.26485113,0.29125255,0.27883934,0.2863028,0.27649843,0.30162626,0.29251017,0.27413398,0.27271909,0.26993864,0.30129333,0.3019978,0.27044048,0.26493658,0.29483142,0.27427004,0.28612219
25,0.2644716,0.24655609,0.26856842,0.24420184,0.23487717,0.24098262,0.24847247,0.26248533,0.25035901,0.23829406,0.25443231,0.25924759,0.20712414,0.20814647,0.22555736,0.20182683,0.20819957,0.21619348,0.21872417,0.20405461,0.21080897,0.20693251,0.21540786,0.20592464,0.095225365,0.0,0.15086425,0.12047119,0.12384706,0.096645024,0.15805092,0.068193153,0.066140459,0.13855296,0.1040851,0.17290884,0.1322143,0.13501121,0.13370973,0.13492167,0.14979642,0.14805047,0.13688134,0.14125417,0.25712781,0.28816503,0.26675803,0.25784744,0.26462903,0.25969701,0.27070422,0.2620501,0.26448113,0.28345829,0.26848972,0.25523466,0.26518774,0.26544749,0.26998061,0.2531297,0.26211311,0.27262463,0.2562768,0.27763837,0.2696283,0.27561577,0.2656686,0.30826698,0.27242923,0.28348501,0.26915638,0.26102401,0.29238065,0.28793494,0.2890851,0.28169215,0.30632768,0.29751769,0.27250973,0.28499612,0.26697353,0.30128546,0.30492249,0.27650407,0.27332774,0.29337864,0.27848425,0.27108572
26,0.28230916,0.28604051,0.27970526,0.26262502,0.25977698,0.25727567,0.26031069,0.2756504,0.28218336,0.26051773,0.28840991,0.27316979,0.24923688,0.25407874,0.25593366,0.25666026,0.25863406,0.25549213,0.26796825,0.24800651,0.25357336,0.25478804,0.24904339,0.25899966,0.14080325,0.15086425,0.0,0.14961283,0.17404534,0.1260449,0.024722907,0.14250515,0.14280103,0.19181852,0.17062051,0.085161217,0.16469304,0.16878136,0.18973883,0.19727129,0.1694909,0.16956722,0.18749908,0.18764131,0.25681823,0.29064777,0.26766307,0.26475896,0.26931024,0.26560254,0.27861563,0.27605863,0.25733954,0.27910565,0.25960243,0.25736607,0.24358259,0.26836681,0.2790252,0.26688268,0.26497204,0.24757254,0.25497736,0.27544803,0.26819033,0.27499101,0.24527346,0.28763332,0.26463899,0.28432331,0.29011394,0.24855741,0.28634137,0.28735634,0.2725874,0.26528179,0.29092583,0.27287355,0.2702992,0.26052116,0.25456737,0.28470516,0.27728743,0.25692908,0.24745003,0.28471117,0.25769918,0.29272688
27,0.24327589,0.23467172,0.24845856,0.22735256,0.24383639,0.21723932,0.21886043,0.24410237,0.24110029,0.22128985,0.24560862,0.23110779,0.20619844,0.21371254,0.21465841,0.20759307,0.21294307,0.20789514,0.21466027,0.20292855,0.20901414,0.20788517,0.2076433,0.21198937,0.10748517,0.12047119,0.14961283,0.0,0.12825262,0.13803561,0.15356737,0.11585958,0.10294613,0.14672948,0.11421275,0.16885373,0.131183,0.12869043,0.15101449,0.15468378,0.11827324,0.12510869,0.14714104,0.14851762,0.25700558,0.27662452,0.26337805,0.25775581,0.26560036,0.25979746,0.25620248,0.25969925,0.26498995,0.26895136,0.2638899,0.25181361,0.24814962,0.26434956,0.25698607,0.24791652,0.26498199,0.24675423,0.25910517,0.25893679,0.25707676,0.26972993,0.25573688,0.27054543,0.24991352,0.29250119,0.27923173,0.26431091,0.27036075,0.26764881,0.28052271,0.27989587,0.28001938,0.2694996,0.27620816,0.27717127,0.26541574,0.27473836,0.28453856,0.26561446,0.26334813,0.26234695,0.27067925,0.27689099
28,0.24688918,0.22940474,0.249661,0.20872789,0.2019614,0.2003371,0.20762987,0.2492188,0.23854105,0.19851582,0.24691633,0.23466433,0.17126056,0.1738858,0.19653615,0.17374417,0.17888177,0.18487975,0.17867943,0.16554805,0.18469013,0.17407742,0.18468567,0.17897631,0.13258286,0.12384706,0.17404534,0.12825262,0.0,0.14868645,0.17695323,0.12535685,0.12182484,0.052097458,0.12121787,0.18521493,0.13418125,0.13906302,0.078195821,0.084797244,0.13593392,0.13180657,0.068860623,0.074101292,0.25192176,0.27943725,0.26421726,0.24895479,0.25732401,0.25742823,0.26084203,0.25939887,0.24782433,0.27032978,0.26440624,0.24903053,0.24819743,0.2526419,0.26173695,0.2488418,0.25647112,0.25517451,0.24532378,0.25988195,0.26052412,0.26807869,0.24793006,0.27795539,0.25604793,0.25602346,0.26307888,0.25570644,0.26889991,0.26620639,0.26390938,0.25928023,0.28038013,0.26933757,0.25438039,0.26488349,0.25264128,0.27455822,0.27083974,0.24234243,0.25643726,0.27160421,0.25642651,0.26358747
29,0.25493223,0.26297925,0.2542343,0.24747367,0.24138454,0.24129603,0.24759481,0.25838664,0.25516103,0.24154894,0.26211397,0.25683926,0.23362984,0.2404495,0.2393367,0.23721083,0.24594091,0.2414952,0.2466173,0.23417312,0.23925384,0.24084737,0.23519066,0.24274998,0.09633475,0.096645024,0.1260449,0.13803561,0.14868645,0.0,0.12467398,0.10044718,0.095564088,0.16443333,0.13900428,0.15719869,0.13486067,0.13920872,0.16854445,0.17211032,0.15591209,0.15347365,0.15921516,0.16035659,0.27980697,0.29912898,0.28432922,0.2705399,0.28266081,0.28034845,0.2849362,0.27705408,0.27268163,0.29602227,0.27581615,0.26854445,0.2672929,0.27871497,0.28851198,0.2818014,0.27849456,0.27740011,0.26242566,0.2824546,0.28705952,0.29297454,0.27137083,0.30755375,0.25691839,0.28792764,0.30158887,0.27083388,0.30078967,0.28231258,0.27621792,0.27942337,0.30679751,0.28842916,0.27352033,0.27199493,0.26956022,0.31182333,0.2993855,0.26272028,0.2545719,0.30024222,0.28455349,0.2961707
30,0.28043638,0.28533426,0.27716865,0.25867574,0.25685204,0.25224266,0.25559361,0.27139995,0.28373496,0.2612918,0.28736499,0.27199346,0.25289209,0.2533781,0.2529134,0.26014166,0.26051181,0.25089774,0.26769361,0.24818515,0.25156047,0.2571172,0.24502494,0.25770313,0.14354645,0.15805092,0.024722907,0.15356737,0.17695323,0.12467398,0.0,0.14695786,0.14500258,0.19708475,0.16399577,0.08901697,0.1611324,0.1622371,0.19186901,0.1994464,0.16923087,0.16186671,0.19092581,0.19040891,0.26010015,0.29448124,0.27060189,0.26652273,0.27104116,0.2687573,0.28196013,0.2800294,0.25549325,0.28050197,0.262744,0.26014657,0.24369516,0.2720897,0.28371381,0.27134252,0.26756687,0.24945597,0.2618158,0.27466924,0.27133913,0.27900123,0.24659295,0.28595772,0.26429614,0.29504796,0.2985742,0.25441314,0.28441898,0.28857628,0.27821934,0.27642213,0.28443019,0.27222297,0.2818788,0.26285926,0.26516521,0.28664158,0.27521634,0.25674052,0.24870168,0.28579515,0.2626506,0.30044821
31,0.25984713,0.23102663,0.260078,0.23556714,0.24001278,0.22460588,0.23456984,0.25517914,0.24504759,0.23194451,0.25202252,0.25444341,0.20978745,0.21346991,0.21552664,0.20392993,0.21051467,0.20602445,0.21907487,0.20705166,0.20273363,0.20673152,0.20735715,0.20335571,0.10086305,0.068193153,0.14250515,0.11585958,0.12535685,0.10044718,0.14695786,0.0,0.063023927,0.14300719,0.11921452,0.16577374,0.1325811,0.14197208,0.14454843,0.14288268,0.15491255,0.15713568,0.14323589,0.14523319,0.2482999,0.28532816,0.2586565,0.26100058,0.26013354,0.24993221,0.26728921,0.25788735,0.26847188,0.28185997,0.2627421,0.25015896,0.25593036,0.2689553,0.26688191,0.24703066,0.25669882,0.26124463,0.25389857,0.27152503,0.26506236,0.26609187,0.26298189,0.29397416,0.25201589,0.28884854,0.27812352,0.26461097,0.28487888,0.27747971,0.28429247,0.28226737,0.29989472,0.2910609,0.27636683,0.2735703,0.26677874,0.29096811,0.30099823,0.2653059,0.2643311,0.28330219,0.27054538,0.27961143
32,0.25944382,0.2404437,0.26039976,0.23775607,0.24188916,0.22507921,0.23115064,0.25314793,0.24846349,0.23200883,0.25350632,0.25141087,0.20757081,0.2158352,0.21651715,0.21039789,0.21534275,0.20917035,0.22018563,0.20446672,0.20235206,0.21284895,0.20509187,0.2139531,0.090792357,0.066140459,0.14280103,0.10294613,0.12182484,0.095564088,0.14500258,0.063023927,0.0,0.13953929,0.11467092,0.16068374,0.1353924,0.14333532,0.1421786,0.1470399,0.16344969,0.16016273,0.13979621,0.139593,0.24113014,0.28335605,0.2539512,0.27190649,0.25208631,0.25240758,0.26273439,0.25558136,0.27252749,0.27906745,0.26278174,0.24459399,0.26003333,0.26983711,0.26273121,0.24500315,0.25194323,0.26767612,0.26403446,0.26764994,0.26240415,0.26216615,0.26363944,0.29193189,0.24965315,0.27908057,0.2810804,0.25484843,0.27982278,0.2782088,0.27578101,0.27473217,0.29047738,0.27918112,0.26932152,0.26426392,0.2560255,0.29176079,0.29186969,0.25655788,0.25226032,0.28574407,0.25887817,0.28729812
33,0.23796278,0.23014183,0.24230044,0.20210108,0.18814742,0.19512207,0.19944148,0.23480688,0.22866189,0.18948508,0.23801876,0.23752548,0.15527449,0.16585781,0.18360904,0.16540266,0.16544316,0.17519139,0.16290204,0.16069612,0.18013273,0.15976643,0.17151086,0.17137176,0.15464344,0.13855296,0.19181852,0.14672948,0.052097458,0.16443333,0.19708475,0.14300719,0.13953929,0.0,0.14511342,0.17716004,0.13222325,0.14199,0.067780459,0.07583229,0.13690023,0.1338153,0.045679655,0.061719812,0.24822323,0.26291405,0.24365146,0.248057,0.25084296,0.2457558,0.24872372,0.25623724,0.25083624,0.25113197,0.26058499,0.23726179,0.26962312,0.23884319,0.24805877,0.24992163,0.25000384,0.27608969,0.24437364,0.24752049,0.25064992,0.25510228,0.26725469,0.29193289,0.24798826,0.25327377,0.26615756,0.27740636,0.29465487,0.29078205,0.26967927,0.28082185,0.30482962,0.27357647,0.26422381,0.27726481,0.2525929,0.30076692,0.28814212,0.25077817,0.26264673,0.29636416,0.2754917,0.27585148
34,0.25219682,0.24596103,0.26348057,0.23558626,0.23875729,0.2288859,0.23202801,0.25536646,0.25044016,0.23278634,0.25038769,0.24612272,0.21052059,0.20825858,0.22205628,0.2126082,0.21493376,0.21222134,0.22676739,0.20180575,0.21569778,0.2138549,0.21188056,0.20950624,0.12610398,0.1040851,0.17062051,0.11421275,0.12121787,0.13900428,0.16399577,0.11921452,0.11467092,0.14511342,0.0,0.1837326,0.089165606,0.087242343,0.14667375,0.14914992,0.13481444,0.12862062,0.14527129,0.153489,0.25695427,0.28192907,0.2674957,0.25010856,0.26430408,0.25697331,0.26154554,0.26325711,0.25737451,0.27339205,0.27110811,0.25340251,0.25324124,0.2619017,0.25985935,0.25049696,0.26919307,0.25721934,0.25779777,0.26513366,0.2624765,0.26685063,0.25834057,0.2749804,0.25837999,0.27267652,0.26843596,0.25670346,0.275169,0.26904606,0.27779078,0.27529691,0.28426722,0.27782024,0.27269338,0.27783717,0.26717768,0.28452333,0.28719535,0.26758377,0.26573684,0.27617545,0.26320407,0.27923827
35,0.26344305,0.2784421,0.26371215,0.2609695,0.22844976,0.25620221,0.25951045,0.24995578,0.26714186,0.25568624,0.27110146,0.26635107,0.23913969,0.24915975,0.23771963,0.25679544,0.25081811,0.24356364,0.25742304,0.2414713,0.24275497,0.24373617,0.2317826,0.25374431,0.15752925,0.17290884,0.085161217,0.16885373,0.18521493,0.15719869,0.08901697,0.16577374,0.16068374,0.17716004,0.1837326,0.0,0.15381806,0.15570812,0.18496128,0.18738815,0.16429508,0.16131561,0.17085364,0.17446777,0.24007667,0.26515348,0.23883329,0.2426021,0.24662698,0.23405219,0.25287683,0.25620234,0.24036587,0.23944812,0.24360661,0.22921417,0.24071009,0.23491908,0.25184044,0.2458112,0.24543034,0.23938559,0.23574775,0.25066109,0.24532057,0.24767799,0.23602646,0.28405651,0.2413012,0.26655351,0.27309245,0.26400311,0.28542759,0.283635,0.26598513,0.2769103,0.2972291,0.2556893,0.2687975,0.26000193,0.24483091,0.28013627,0.27638944,0.26194239,0.24394914,0.28007943,0.26922569,0.28552748
36,0.22437445,0.2393966,0.22729863,0.22207461,0.21578369,0.21058137,0.21462488,0.23249296,0.22235437,0.21029324,0.23239086,0.23465299,0.19929053,0.21114877,0.20752544,0.21380699,0.21450182,0.20618548,0.22075383,0.2018997,0.2097176,0.20670932,0.20262901,0.21227615,0.15340483,0.1322143,0.16469304,0.131183,0.13418125,0.13486067,0.1611324,0.1325811,0.1353924,0.13222325,0.089165606,0.15381806,0.0,0.047761357,0.14502733,0.14557343,0.10588989,0.10373599,0.12314098,0.13638971,0.25078033,0.26080462,0.24923139,0.23492122,0.25339162,0.24271107,0.25377106,0.25326949,0.2483648,0.24693659,0.25860287,0.23941909,0.25934036,0.24660002,0.24895375,0.24787327,0.25400496,0.26119842,0.2505376,0.24532108,0.24739799,0.25083218,0.26061447,0.28843657,0.23311087,0.26251337,0.26834835,0.27595611,0.29166403,0.2772829,0.2646146,0.28284874,0.30258361,0.26796911,0.26657827,0.27648894,0.25724781,0.29807805,0.28946817,0.25588353,0.25252223,0.28540119,0.27957418,0.27992284
37,0.23015201,0.24619352,0.23149218,0.2214855,0.22897071,0.20488403,0.20992217,0.24279358,0.23060872,0.2055197,0.24489017,0.24260365,0.2076898,0.21651856,0.21866723,0.22218054,0.22010182,0.21584638,0.22760072,0.20651118,0.22376065,0.21557324,0.21256471,0.21652033,0.15659545,0.13501121,0.16878136,0.12869043,0.13906302,0.13920872,0.1622371,0.14197208,0.14333532,0.14199,0.087242343,0.15570812,0.047761357,0.0,0.1573552,0.15627471,0.10521788,0.093391908,0.13627276,0.14758728,0.2602415,0.27600831,0.2602996,0.24351166,0.26310147,0.2556709,0.26832746,0.26157299,0.26003542,0.26071165,0.26595446,0.24790315,0.26483591,0.25587775,0.26367366,0.26352756,0.26338311,0.2612979,0.25952686,0.25494404,0.25711202,0.26339984,0.26095241,0.28887822,0.23489179,0.26142876,0.28049025,0.27902326,0.29607513,0.28012776,0.26597245,0.28343393,0.30298176,0.26650585,0.26701723,0.2767472,0.26332227,0.30091931,0.29138231,0.25474878,0.25257866,0.29045298,0.28881285,0.28944945
38,0.22149781,0.19945297,0.22501262,0.20966788,0.18200646,0.20028563,0.20724949,0.2143369,0.2078275,0.19540222,0.20833275,0.21625656,0.13199586,0.14239083,0.16852162,0.13527601,0.14673248,0.15502308,0.14874853,0.13495871,0.15598263,0.14563404,0.1526142,0.14163632,0.1574762,0.13370973,0.18973883,0.15101449,0.078195821,0.16854445,0.19186901,0.14454843,0.1421786,0.067780459,0.14667375,0.18496128,0.14502733,0.1573552,0.0,0.038260294,0.14244505,0.14298174,0.048431037,0.057933792,0.25337287,0.2670488,0.24763676,0.25186789,0.24799985,0.24565098,0.24770242,0.25701434,0.257782,0.26038625,0.26701724,0.23563342,0.25579424,0.25136103,0.24955593,0.24326128,0.24827177,0.26360476,0.24954733,0.25122634,0.25071049,0.25108549,0.25320164,0.29027868,0.24323476,0.2472455,0.25727993,0.26014593,0.27893363,0.27944568,0.27437037,0.2625258,0.29360631,0.27241362,0.25656403,0.27296666,0.24938348,0.28567921,0.28643648,0.24926924,0.26061111,0.28168885,0.26419646,0.26972758
39,0.22313661,0.19675661,0.22407955,0.20185128,0.17882489,0.19392979,0.20026908,0.21243581,0.20204235,0.18866144,0.20886168,0.21742192,0.1281911,0.13816786,0.15055508,0.12466498,0.14124503,0.14288736,0.14028478,0.13104054,0.14252481,0.13911166,0.1392005,0.13567336,0.15914852,0.13492167,0.19727129,0.15468378,0.084797244,0.17211032,0.1994464,0.14288268,0.1470399,0.07583229,0.14914992,0.18738815,0.14557343,0.15627471,0.038260294,0.0,0.14376314,0.14504171,0.054213506,0.05329821,0.24366285,0.27022766,0.24539502,0.25019111,0.2464631,0.2379386,0.2463233,0.25125855,0.2565648,0.25990766,0.26666304,0.23745658,0.24806888,0.24939515,0.249512,0.24488761,0.24780594,0.25633681,0.24865185,0.25261646,0.2512699,0.25534546,0.24847547,0.28305192,0.24035379,0.24362815,0.24553105,0.25772261,0.26763966,0.27900215,0.26288275,0.26284629,0.28592401,0.26398875,0.24925479,0.26786108,0.24273512,0.27082812,0.27576996,0.24843113,0.26090404,0.27111936,0.26358359,0.25864282
40,0.22458957,0.24285541,0.23410153,0.2127483,0.20613526,0.20801171,0.20754265,0.23306004,0.2268349,0.20574652,0.23349571,0.23093445,0.20389021,0.20557919,0.20829955,0.21945222,0.21325452,0.20607922,0.22192054,0.20314985,0.21078419,0.20993452,0.20101359,0.21834945,0.17127232,0.14979642,0.1694909,0.11827324,0.13593392,0.15591209,0.16923087,0.15491255,0.16344969,0.13690023,0.13481444,0.16429508,0.10588989,0.10521788,0.14244505,0.14376314,0.0,0.027898809,0.12804232,0.13840253,0.238829,0.26018621,0.24535337,0.2302426,0.24471542,0.22917032,0.24880144,0.24677783,0.23039761,0.24570827,0.24877452,0.22715055,0.23253374,0.23396993,0.2508556,0.24796403,0.24117985,0.23731696,0.23796663,0.24331039,0.24467975,0.24486231,0.2289878,0.25944872,0.24126584,0.2356395,0.25038408,0.26207726,0.25334473,0.26095782,0.24333188,0.25234256,0.25704587,0.23423842,0.23729939,0.25358858,0.23327422,0.26105699,0.24332682,0.23112876,0.23731701,0.25119658,0.26183888,0.26369329
41,0.21786218,0.23478238,0.22322731,0.22072882,0.21360224,0.20386529,0.20567206,0.22716215,0.22071673,0.21494877,0.22703947,0.22418461,0.2088605,0.20415758,0.21217314,0.21528568,0.21374517,0.2091257,0.22282854,0.20403344,0.21137048,0.2086491,0.20425909,0.21832776,0.17033502,0.14805047,0.16956722,0.12510869,0.13180657,0.15347365,0.16186671,0.15713568,0.16016273,0.1338153,0.12862062,0.16131561,0.10373599,0.093391908,0.14298174,0.14504171,0.027898809,0.0,0.12874728,0.13809588,0.243073,0.25976246,0.2490101,0.22929541,0.2472422,0.23303711,0.25384993,0.24533596,0.23655382,0.25452352,0.25372636,0.22853192,0.23352798,0.23922319,0.25326633,0.24921765,0.24242323,0.23479777,0.23925624,0.24235685,0.24661009,0.25266455,0.22869859,0.25561107,0.23333926,0.24147954,0.25589532,0.25666736,0.24897777,0.25460179,0.25190749,0.25230482,0.25885074,0.24082664,0.24674949,0.24848136,0.24376196,0.25570384,0.24298649,0.22105757,0.23162027,0.25089654,0.2571933,0.263524
42,0.22890637,0.21985453,0.22891586,0.2005773,0.18194684,0.19114807,0.19818359,0.22435093,0.21185738,0.18744733,0.22387543,0.22657532,0.14570605,0.15062802,0.16747505,0.14896914,0.16362792,0.1584731,0.15434013,0.1433181,0.16639639,0.15337465,0.15416044,0.15593817,0.15628728,0.13688134,0.18749908,0.14714104,0.068860623,0.15921516,0.19092581,0.14323589,0.13979621,0.045679655,0.14527129,0.17085364,0.12314098,0.13627276,0.048431037,0.054213506,0.12804232,0.12874728,0.0,0.045347382,0.24242036,0.26687331,0.23866856,0.25099768,0.24695231,0.2399607,0.25031549,0.2554585,0.26119251,0.25325417,0.26533906,0.23409149,0.25740225,0.24718641,0.24825847,0.24734637,0.24087877,0.2666933,0.25337499,0.2469866,0.24553,0.24495601,0.25244617,0.28931459,0.23818403,0.23728586,0.25639391,0.26392239,0.27931078,0.28296789,0.25998773,0.27021,0.29206902,0.26078459,0.25042784,0.26882184,0.24250779,0.28490866,0.27585317,0.24624746,0.25497504,0.280997,0.26154492,0.26419781
43,0.22077901,0.21123099,0.22376491,0.20438197,0.17870691,0.19456966,0.19862725,0.21906217,0.20379955,0.19096656,0.21624724,0.21804474,0.14014504,0.15063085,0.16520548,0.14576474,0.15492447,0.15900128,0.15553734,0.14254811,0.15871349,0.15272938,0.15171274,0.15374082,0.15617447,0.14125417,0.18764131,0.14851762,0.074101292,0.16035659,0.19040891,0.14523319,0.139593,0.061719812,0.153489,0.17446777,0.13638971,0.14758728,0.057933792,0.05329821,0.13840253,0.13809588,0.045347382,0.0,0.24549722,0.26581889,0.23804259,0.24793512,0.24948871,0.24124215,0.25516099,0.25045244,0.25874204,0.25764055,0.26503943,0.23427571,0.24962934,0.24820191,0.24986754,0.25500531,0.24903167,0.25660111,0.25102452,0.25003304,0.24737387,0.251006,0.24859718,0.27590971,0.24256734,0.24356835,0.26679475,0.2715455,0.26983438,0.28442753,0.27036665,0.26965205,0.28670248,0.26002737,0.25226186,0.2732453,0.25397751,0.27746399,0.27728632,0.25229506,0.26394206,0.27543063,0.27194724,0.26773568
44,0.26095144,0.26420271,0.25469515,0.24269243,0.22323853,0.25343516,0.25446573,0.25188451,0.26104258,0.25114999,0.26177969,0.25547884,0.24944907,0.24950239,0.23565572,0.24803726,0.24351233,0.23152978,0.25881436,0.24770831,0.22076223,0.24843811,0.22828615,0.25094036,0.24439526,0.25712781,0.25681823,0.25700558,0.25192176,0.27980697,0.26010015,0.2482999,0.24113014,0.24822323,0.25695427,0.24007667,0.25078033,0.2602415,0.25337287,0.24366285,0.238829,0.243073,0.24242036,0.24549722,0.0,0.11480261,0.081191144,0.19211018,0.087567912,0.06790688,0.12303101,0.061411371,0.17655568,0.11518481,0.091209824,0.088996233,0.22201154,0.16817391,0.10655092,0.097762351,0.098635163,0.21868387,0.1756238,0.115587,0.11142009,0.081318104,0.23219804,0.24828802,0.20201503,0.23040178,0.23485574,0.24627751,0.26237968,0.24877627,0.27538065,0.26586347,0.27456876,0.2661715,0.25090325,0.25302308,0.25704158,0.26235271,0.26278474,0.23904866,0.2591254,0.25803846,0.22548368,0.24008021
45,0.25388861,0.27592002,0.25454201,0.24991974,0.22013222,0.2693173,0.27263846,0.25576142,0.25467843,0.26336185,0.25394061,0.25830659,0.24802337,0.2576348,0.24442729,0.26126449,0.25123034,0.25408486,0.26090548,0.25364445,0.23168533,0.25173111,0.24736851,0.25500122,0.27572343,0.28816503,0.29064777,0.27662452,0.27943725,0.29912898,0.29448124,0.28532816,0.28335605,0.26291405,0.28192907,0.26515348,0.26080462,0.27600831,0.2670488,0.27022766,0.26018621,0.25976246,0.26687331,0.26581889,0.11480261,0.0,0.11714769,0.18764057,0.11558552,0.1199028,0.063153708,0.11245681,0.17029563,0.058510834,0.12263201,0.11241208,0.22293502,0.15968666,0.064793287,0.096931858,0.12931477,0.21649078,0.16327929,0.05496885,0.061788215,0.10424598,0.24173588,0.24351474,0.2062961,0.23422297,0.22722525,0.27480199,0.25481393,0.25524562,0.28056047,0.2852096,0.26417293,0.27338229,0.26608839,0.26574539,0.267494,0.26070958,0.25422865,0.24820829,0.27207075,0.25640709,0.24335306,0.23451674
46,0.25670718,0.26844152,0.25382401,0.24843468,0.22101447,0.25956276,0.2650179,0.24489688,0.25305977,0.25791921,0.2555342,0.255906,0.25024739,0.25798894,0.23393907,0.25336151,0.25082603,0.24077298,0.25725334,0.25530435,0.23123662,0.2518485,0.23260682,0.25691661,0.25552022,0.26675803,0.26766307,0.26337805,0.26421726,0.28432922,0.27060189,0.2586565,0.2539512,0.24365146,0.2674957,0.23883329,0.24923139,0.2602996,0.24763676,0.24539502,0.24535337,0.2490101,0.23866856,0.23804259,0.081191144,0.11714769,0.0,0.16782978,0.094256988,0.076203677,0.12685485,0.093489934,0.16923039,0.11006035,0.10118884,0.091427679,0.22307762,0.14811743,0.10926214,0.11008443,0.093099342,0.22263443,0.15840183,0.12145364,0.10637329,0.084520734,0.23863374,0.26403145,0.20537354,0.23988819,0.24417071,0.27269226,0.27553319,0.26771407,0.28318643,0.2796274,0.2823109,0.26948406,0.26222612,0.26314042,0.26573068,0.27095344,0.26835544,0.25095007,0.27060886,0.2718198,0.25133321,0.25554013
47,0.2490197,0.26162798,0.25113359,0.26824112,0.22005848,0.26812891,0.28172561,0.24778413,0.2518086,0.26258759,0.25961746,0.25036865,0.25078658,0.26536539,0.242164,0.27309118,0.25491143,0.25085821,0.26386505,0.26287472,0.24185841,0.25381166,0.23973567,0.26647901,0.25832407,0.25784744,0.26475896,0.25775581,0.24895479,0.2705399,0.26652273,0.26100058,0.27190649,0.248057,0.25010856,0.2426021,0.23492122,0.24351166,0.25186789,0.25019111,0.2302426,0.22929541,0.25099768,0.24793512,0.19211018,0.18764057,0.16782978,0.0,0.18994303,0.17888536,0.186635,0.18975763,0.087458689,0.18710799,0.16834595,0.18143853,0.15560421,0.089789446,0.18705521,0.19001798,0.19206583,0.15047105,0.067316338,0.18445165,0.1835236,0.17476076,0.16980417,0.22450863,0.22563256,0.23317549,0.25771435,0.26470534,0.23192195,0.26252162,0.26415022,0.25656505,0.2388087,0.23748137,0.24747369,0.2479048,0.25642086,0.23021957,0.23260213,0.24222405,0.26230429,0.22770405,0.27563732,0.25602739
48,0.26400044,0.26462468,0.25770065,0.24144388,0.23717734,0.25432429,0.2588626,0.25047869,0.26209981,0.25273406,0.25958818,0.25910239,0.24244905,0.23415197,0.2352618,0.2450376,0.23439478,0.22772009,0.24722985,0.23519586,0.21274142,0.23426262,0.22583379,0.25375997,0.25537609,0.26462903,0.26931024,0.26560036,0.25732401,0.28266081,0.27104116,0.26013354,0.25208631,0.25084296,0.26430408,0.24662698,0.25339162,0.26310147,0.24799985,0.2464631,0.24471542,0.2472422,0.24695231,0.24948871,0.087567912,0.11558552,0.094256988,0.18994303,0.0,0.088862103,0.11033005,0.090268267,0.17265938,0.11808359,0.10177723,0.088634395,0.22572696,0.16694527,0.10387976,0.08127955,0.091676749,0.22383429,0.17192302,0.11078883,0.11726723,0.044371353,0.23808237,0.24974565,0.20606943,0.24061612,0.25018839,0.26136928,0.26531254,0.26566809,0.27914351,0.27898623,0.28334252,0.274715,0.26327746,0.27012307,0.25693768,0.26773598,0.26833876,0.25395396,0.26154372,0.26333071,0.23369895,0.25225968
49,0.25671072,0.25921917,0.25627245,0.24048297,0.20682069,0.25185123,0.25789821,0.24425892,0.24912288,0.24577276,0.24782514,0.25435877,0.24262881,0.24751709,0.23034642,0.24843535,0.24245503,0.23341044,0.25438051,0.24984897,0.22399904,0.24109898,0.22645962,0.25627217,0.24996764,0.25969701,0.26560254,0.25979746,0.25742823,0.28034845,0.2687573,0.24993221,0.25240758,0.2457558,0.25697331,0.23405219,0.24271107,0.2556709,0.24565098,0.2379386,0.22917032,0.23303711,0.2399607,0.24124215,0.06790688,0.1199028,0.076203677,0.17888536,0.088862103,0.0,0.11453683,0.066188565,0.18131514,0.11778293,0.092719172,0.078969544,0.22512247,0.16036448,0.11233726,0.09165768,0.10393133,0.21790257,0.16473396,0.12400369,0.11532934,0.079752167,0.23510771,0.25228424,0.20259634,0.22416495,0.23011083,0.2610808,0.26551514,0.25166309,0.27130805,0.2722685,0.27681669,0.25965857,0.25711302,0.25522999,0.25163418,0.26258375,0.26012705,0.24159821,0.25303765,0.26085608,0.23595272,0.23666168
50,0.26124015,0.2630381,0.25936679,0.25718489,0.21517317,0.27026072,0.27421504,0.25646433,0.25989197,0.26818401,0.25173285,0.25913496,0.24313377,0.24308505,0.24165662,0.24370621,0.24232062,0.2450985,0.24911648,0.24537837,0.22019209,0.23468324,0.23977888,0.24292212,0.25532474,0.27070422,0.27861563,0.25620248,0.26084203,0.2849362,0.28196013,0.26728921,0.26273439,0.24872372,0.26154554,0.25287683,0.25377106,0.26832746,0.24770242,0.2463233,0.24880144,0.25384993,0.25031549,0.25516099,0.12303101,0.063153708,0.12685485,0.186635,0.11033005,0.11453683,0.0,0.1176884,0.1744055,0.073425826,0.12664485,0.11039934,0.21513983,0.15123073,0.071656887,0.071356252,0.12992824,0.20534546,0.15022277,0.063865053,0.072268852,0.096822377,0.22207008,0.23518933,0.20090536,0.2313219,0.21436092,0.25750911,0.24235406,0.24939079,0.26127192,0.26549232,0.25619219,0.25977677,0.25743573,0.25126094,0.25617707,0.24821554,0.24846064,0.24488344,0.25871181,0.24370379,0.22337839,0.22462735
51,0.26608732,0.2696678,0.26278501,0.24564381,0.23021303,0.25951263,0.26341876,0.26292904,0.26094123,0.25627224,0.2710645,0.26293304,0.25303074,0.25627594,0.24563574,0.25359965,0.2533412,0.24499321,0.26638335,0.25467102,0.2324397,0.25936685,0.24494565,0.25493289,0.24969909,0.2620501,0.27605863,0.25969925,0.25939887,0.27705408,0.2800294,0.25788735,0.25558136,0.25623724,0.26325711,0.25620234,0.25326949,0.26157299,0.25701434,0.25125855,0.24677783,0.24533596,0.2554585,0.25045244,0.061411371,0.11245681,0.093489934,0.18975763,0.090268267,0.066188565,0.1176884,0.0,0.1701508,0.11635166,0.10156534,0.071621205,0.211465,0.16753486,0.10298972,0.087959524,0.11973449,0.20785007,0.16963804,0.11274497,0.11574654,0.083966229,0.2246434,0.25145491,0.20809765,0.23654737,0.23266162,0.26885314,0.26317443,0.24875303,0.28197313,0.27427069,0.27196502,0.27259653,0.25736548,0.25390158,0.26479358,0.26227395,0.2590557,0.24296663,0.26522938,0.26183272,0.23560396,0.23179528
52,0.25150234,0.26944453,0.25200287,0.25345619,0.21487476,0.2639364,0.27080043,0.26075777,0.25115205,0.259942,0.25843341,0.25496531,0.25965172,0.2710724,0.25522221,0.27531052,0.26020243,0.26284399,0.27208462,0.27342715,0.24879637,0.25877503,0.24828653,0.27442952,0.26121177,0.26448113,0.25733954,0.26498995,0.24782433,0.27268163,0.25549325,0.26847188,0.27252749,0.25083624,0.25737451,0.24036587,0.2483648,0.26003542,0.257782,0.2565648,0.23039761,0.23655382,0.26119251,0.25874204,0.17655568,0.17029563,0.16923039,0.087458689,0.17265938,0.18131514,0.1744055,0.1701508,0.0,0.17043957,0.14194417,0.17648278,0.15878281,0.062098966,0.17524769,0.17421079,0.17962671,0.14800885,0.080159953,0.17589116,0.17433265,0.17161464,0.17273639,0.21856585,0.2292258,0.25361503,0.24663772,0.26574451,0.22437064,0.26160017,0.25856106,0.26694044,0.22798218,0.23580723,0.25968563,0.24861081,0.26625925,0.2265402,0.21616057,0.2241407,0.25405984,0.22808066,0.26045607,0.24528542
53,0.26646144,0.28331286,0.26387282,0.24836931,0.22173633,0.26874773,0.27056079,0.25980935,0.26299386,0.26445235,0.27053707,0.27450462,0.25593835,0.25518591,0.24773954,0.26837467,0.25326726,0.25863147,0.26409134,0.25731718,0.23332493,0.25218606,0.24501323,0.2624839,0.27111908,0.28345829,0.27910565,0.26895136,0.27032978,0.29602227,0.28050197,0.28185997,0.27906745,0.25113197,0.27339205,0.23944812,0.24693659,0.26071165,0.26038625,0.25990766,0.24570827,0.25452352,0.25325417,0.25764055,0.11518481,0.058510834,0.11006035,0.18710799,0.11808359,0.11778293,0.073425826,0.11635166,0.17043957,0.0,0.11754343,0.11937783,0.2222785,0.15260994,0.062542881,0.10030833,0.13243272,0.21015342,0.16460472,0.076230291,0.048620575,0.10359366,0.23181991,0.24466135,0.19626321,0.22831285,0.23563574,0.27643555,0.25494982,0.26704898,0.26623885,0.2804454,0.2632141,0.25643629,0.26368289,0.26541402,0.26150217,0.25924593,0.24929676,0.25281318,0.26474394,0.25803621,0.23600097,0.24430801
54,0.27239442,0.2874377,0.26160006,0.2573273,0.23242293,0.27001605,0.27246976,0.2754682,0.27594115,0.27084718,0.27503643,0.26884152,0.26734253,0.26960178,0.25412886,0.27629472,0.26642951,0.26012125,0.27378718,0.27086115,0.2439116,0.26458677,0.2526148,0.27860378,0.25884891,0.26848972,0.25960243,0.2638899,0.26440624,0.27581615,0.262744,0.2627421,0.26278174,0.26058499,0.27110811,0.24360661,0.25860287,0.26595446,0.26701724,0.26666304,0.24877452,0.25372636,0.26533906,0.26503943,0.091209824,0.12263201,0.10118884,0.16834595,0.10177723,0.092719172,0.12664485,0.10156534,0.14194417,0.11754343,0.0,0.11482858,0.22897986,0.14530219,0.12499404,0.10575017,0.10708919,0.21705332,0.15472332,0.1206386,0.11775355,0.10025925,0.23658081,0.26401071,0.22153313,0.25628434,0.24927928,0.27150342,0.26628354,0.25548374,0.28105106,0.2802321,0.27491877,0.27355218,0.27189494,0.26709475,0.27608969,0.27287177,0.26023475,0.24587051,0.26681266,0.26737931,0.24686051,0.25474508
55,0.2530087,0.25910621,0.24820885,0.23713526,0.21728648,0.24908772,0.25417101,0.24698438,0.2491215,0.24567439,0.2500154,0.25146437,0.23411887,0.2371716,0.22379195,0.24267932,0.23241727,0.22679169,0.25077138,0.23712549,0.21652807,0.23617426,0.22169791,0.2465748,0.24310836,0.25523466,0.25736607,0.25181361,0.24903053,0.26854445,0.26014657,0.25015896,0.24459399,0.23726179,0.25340251,0.22921417,0.23941909,0.24790315,0.23563342,0.23745658,0.22715055,0.22853192,0.23409149,0.23427571,0.088996233,0.11241208,0.091427679,0.18143853,0.088634395,0.078969544,0.11039934,0.071621205,0.17648278,0.11937783,0.11482858,0.0,0.21706912,0.16514176,0.10800535,0.080605025,0.10943816,0.21347254,0.16544125,0.1115299,0.11385328,0.075522959,0.23073511,0.24475206,0.20684327,0.22652843,0.23726548,0.2680371,0.26031525,0.26119497,0.27921917,0.27615093,0.27506222,0.26926908,0.26044128,0.26064423,0.25353097,0.26123854,0.2600731,0.25143,0.25950948,0.25991421,0.24283206,0.24464597
56,0.24588844,0.24086818,0.24820679,0.25849841,0.21984079,0.26388394,0.2676118,0.24050897,0.23636872,0.26595061,0.23752158,0.23102134,0.24691263,0.2429373,0.24932722,0.24972928,0.24897984,0.24457268,0.25601637,0.24321279,0.23687092,0.23877874,0.23713541,0.24962227,0.26179167,0.26518774,0.24358259,0.24814962,0.24819743,0.2672929,0.24369516,0.25593036,0.26003333,0.26962312,0.25324124,0.24071009,0.25934036,0.26483591,0.25579424,0.24806888,0.23253374,0.23352798,0.25740225,0.24962934,0.22201154,0.22293502,0.22307762,0.15560421,0.22572696,0.22512247,0.21513983,0.211465,0.15878281,0.2222785,0.22897986,0.21706912,0.0,0.16877304,0.21530344,0.2107843,0.22781954,0.056510088,0.14587059,0.23136395,0.21748433,0.23043629,0.048613118,0.13643363,0.22331967,0.21716691,0.21124784,0.20705281,0.14450821,0.21223043,0.20734763,0.22323611,0.16094855,0.16724914,0.20714651,0.20510148,0.20717394,0.14584704,0.16016411,0.19663986,0.21238164,0.15050572,0.22522723,0.2061916
57,0.25610643,0.26584264,0.25837912,0.2600429,0.19505315,0.26970395,0.27366667,0.25362068,0.2435213,0.26139663,0.25694923,0.26197986,0.25306532,0.26593788,0.24281941,0.27103783,0.25478664,0.25819051,0.26365058,0.2668096,0.24777288,0.25171972,0.2426301,0.26972339,0.26485579,0.26544749,0.26836681,0.26434956,0.2526419,0.27871497,0.2720897,0.2689553,0.26983711,0.23884319,0.2619017,0.23491908,0.24660002,0.25587775,0.25136103,0.24939515,0.23396993,0.23922319,0.24718641,0.24820191,0.16817391,0.15968666,0.14811743,0.089789446,0.16694527,0.16036448,0.15123073,0.16753486,0.062098966,0.15260994,0.14530219,0.16514176,0.16877304,0.0,0.16390687,0.1633605,0.17031164,0.15218025,0.070637347,0.15919879,0.16130617,0.15470494,0.17403941,0.22672021,0.2276035,0.23848642,0.23938428,0.26676396,0.22865068,0.26200681,0.25720419,0.2711356,0.23851045,0.23615261,0.25553544,0.24921122,0.24715455,0.22628392,0.22893732,0.22772619,0.25315773,0.23171094,0.26318624,0.24310115
58,0.24756446,0.25987255,0.24987454,0.24476452,0.21760323,0.25959343,0.26578002,0.23582239,0.24869483,0.2564445,0.24339664,0.24351391,0.24160229,0.24116458,0.23856431,0.2464625,0.23482596,0.24044199,0.24602115,0.2381596,0.21231658,0.23936296,0.23469824,0.24412463,0.25777194,0.26998061,0.2790252,0.25698607,0.26173695,0.28851198,0.28371381,0.26688191,0.26273121,0.24805877,0.25985935,0.25184044,0.24895375,0.26367366,0.24955593,0.249512,0.2508556,0.25326633,0.24825847,0.24986754,0.10655092,0.064793287,0.10926214,0.18705521,0.10387976,0.11233726,0.071656887,0.10298972,0.17524769,0.062542881,0.12499404,0.10800535,0.21530344,0.16390687,0.0,0.10038266,0.12246158,0.2076141,0.16430771,0.073041573,0.045029528,0.098514543,0.22880451,0.2384979,0.19376985,0.22971102,0.21664378,0.26614245,0.24522196,0.23949379,0.25950098,0.2664791,0.25205246,0.26031395,0.25095835,0.25312512,0.25134606,0.25069495,0.24633201,0.24188617,0.25886761,0.24609181,0.22790425,0.22410878
59,0.26479011,0.26274365,0.25991014,0.25181072,0.22098355,0.2636107,0.27027645,0.2585796,0.26457938,0.26241173,0.25361967,0.26398853,0.2415144,0.24338008,0.23724098,0.24386582,0.23802126,0.23828714,0.25214308,0.24147047,0.21715286,0.23711836,0.23289354,0.23874781,0.24302371,0.2531297,0.26688268,0.24791652,0.2488418,0.2818014,0.27134252,0.24703066,0.24500315,0.24992163,0.25049696,0.2458112,0.24787327,0.26352756,0.24326128,0.24488761,0.24796403,0.24921765,0.24734637,0.25500531,0.097762351,0.096931858,0.11008443,0.19001798,0.08127955,0.09165768,0.071356252,0.087959524,0.17421079,0.10030833,0.10575017,0.080605025,0.2107843,0.1633605,0.10038266,0.0,0.099116074,0.20618435,0.1566875,0.098300405,0.092655285,0.069481624,0.22758483,0.24452003,0.20627268,0.24182952,0.22415161,0.26371028,0.25809379,0.24503268,0.28055877,0.26763098,0.27241037,0.27097742,0.26532061,0.2604555,0.27045232,0.25892929,0.26370163,0.25359002,0.26923202,0.25676591,0.22776907,0.23173179
60,0.25288354,0.26286539,0.24413214,0.24048402,0.23354219,0.24624287,0.24962943,0.24529253,0.25523504,0.24590246,0.25053501,0.25196283,0.24088003,0.24569151,0.22535602,0.2464762,0.24503552,0.23013935,0.25375271,0.24340133,0.22254881,0.24824732,0.22821504,0.2495726,0.25134593,0.26211311,0.26497204,0.26498199,0.25647112,0.27849456,0.26756687,0.25669882,0.25194323,0.25000384,0.26919307,0.24543034,0.25400496,0.26338311,0.24827177,0.24780594,0.24117985,0.24242323,0.24087877,0.24903167,0.098635163,0.12931477,0.093099342,0.19206583,0.091676749,0.10393133,0.12992824,0.11973449,0.17962671,0.13243272,0.10708919,0.10943816,0.22781954,0.17031164,0.12246158,0.099116074,0.0,0.22761883,0.17294854,0.11301402,0.11804441,0.080391876,0.24038803,0.25813749,0.21969101,0.24478717,0.24224072,0.27288122,0.26859867,0.27000938,0.29197881,0.29217256,0.28866444,0.27746188,0.28325872,0.27213979,0.26732767,0.26917443,0.27009858,0.25050327,0.26694044,0.26547837,0.24785955,0.24945027
61,0.2484092,0.23988864,0.25402084,0.26742374,0.21599799,0.26364617,0.26547967,0.24710858,0.2432358,0.26877565,0.23797432,0.23444523,0.25333628,0.24983282,0.25244718,0.25810814,0.25639112,0.24988811,0.26096825,0.25035584,0.2407379,0.24746593,0.2398957,0.2546896,0.26497046,0.27262463,0.24757254,0.24675423,0.25517451,0.27740011,0.24945597,0.26124463,0.26767612,0.27608969,0.25721934,0.23938559,0.26119842,0.2612979,0.26360476,0.25633681,0.23731696,0.23479777,0.2666933,0.25660111,0.21868387,0.21649078,0.22263443,0.15047105,0.22383429,0.21790257,0.20534546,0.20785007,0.14800885,0.21015342,0.21705332,0.21347254,0.056510088,0.15218025,0.2076141,0.20618435,0.22761883,0.0,0.14373469,0.22709212,0.20761551,0.22651624,0.069296329,0.13146631,0.22837407,0.22364948,0.20919893,0.2124424,0.14917954,0.21282226,0.21805457,0.2218045,0.16343648,0.17907721,0.21255693,0.21063864,0.21791316,0.14501414,0.16314753,0.20382856,0.22119511,0.15020018,0.24429144,0.20264418
62,0.24206044,0.25720797,0.24388481,0.25413,0.20951553,0.27031301,0.2749226,0.24655035,0.24179726,0.25861629,0.24185926,0.23938815,0.24835515,0.2598921,0.24382243,0.26207727,0.24930254,0.25089593,0.25843598,0.25715691,0.23923897,0.24542013,0.24096382,0.26166469,0.24840359,0.2562768,0.25497736,0.25910517,0.24532378,0.26242566,0.2618158,0.25389857,0.26403446,0.24437364,0.25779777,0.23574775,0.2505376,0.25952686,0.24954733,0.24865185,0.23796663,0.23925624,0.25337499,0.25102452,0.1756238,0.16327929,0.15840183,0.067316338,0.17192302,0.16473396,0.15022277,0.16963804,0.080159953,0.16460472,0.15472332,0.16544125,0.14587059,0.070637347,0.16430771,0.1566875,0.17294854,0.14373469,0.0,0.1644388,0.16110413,0.16138358,0.15886141,0.21042763,0.22539615,0.25482363,0.22978064,0.26318232,0.2147304,0.24672243,0.26501553,0.26375098,0.22529574,0.23981536,0.26338288,0.25216662,0.25594681,0.21484755,0.21284216,0.23397437,0.26324652,0.21417999,0.2524403,0.23425748
63,0.24627384,0.26856218,0.23924061,0.23995729,0.21360351,0.25513975,0.25982555,0.24104128,0.24963791,0.25043061,0.24959642,0.252051,0.24673019,0.24851116,0.24431622,0.25473225,0.24671322,0.24968528,0.25392663,0.24577004,0.22545026,0.24442345,0.23956141,0.25234668,0.26082697,0.27763837,0.27544803,0.25893679,0.25988195,0.2824546,0.27466924,0.27152503,0.26764994,0.24752049,0.26513366,0.25066109,0.24532108,0.25494404,0.25122634,0.25261646,0.24331039,0.24235685,0.2469866,0.25003304,0.115587,0.05496885,0.12145364,0.18445165,0.11078883,0.12400369,0.063865053,0.11274497,0.17589116,0.076230291,0.1206386,0.1115299,0.23136395,0.15919879,0.073041573,0.098300405,0.11301402,0.22709212,0.1644388,0.0,0.059942435,0.1016309,0.2464107,0.24551698,0.19824236,0.23183325,0.23914244,0.27565656,0.2623295,0.25720653,0.26839447,0.27242791,0.27176439,0.27249017,0.2572706,0.25888642,0.26091695,0.26901814,0.2562919,0.24527025,0.26310132,0.26331576,0.23691807,0.2446473
64,0.2514796,0.26826103,0.24553257,0.24871363,0.22460893,0.26256073,0.2675705,0.24146609,0.25445443,0.26100393,0.24900992,0.25364191,0.24236932,0.24681128,0.23685012,0.24991844,0.24583287,0.24675673,0.25051053,0.24461698,0.22491193,0.24099593,0.23668291,0.24645536,0.25532508,0.2696283,0.26819033,0.25707676,0.26052412,0.28705952,0.27133913,0.26506236,0.26240415,0.25064992,0.2624765,0.24532057,0.24739799,0.25711202,0.25071049,0.2512699,0.24467975,0.24661009,0.24553,0.24737387,0.11142009,0.061788215,0.10637329,0.1835236,0.11726723,0.11532934,0.072268852,0.11574654,0.17433265,0.048620575,0.11775355,0.11385328,0.21748433,0.16130617,0.045029528,0.092655285,0.11804441,0.20761551,0.16110413,0.059942435,0.0,0.09667232,0.23141237,0.24438778,0.19951624,0.22876402,0.22392789,0.26849074,0.24926522,0.25856477,0.27284482,0.28093794,0.26986215,0.27060086,0.26710971,0.2650316,0.25551553,0.25773323,0.26059629,0.24563481,0.26077842,0.2548164,0.2365838,0.23808295
65,0.25914156,0.26653188,0.25771902,0.24375317,0.22603491,0.25987701,0.26113641,0.24616825,0.25468089,0.25088205,0.25193922,0.25941568,0.24262419,0.23956825,0.23202163,0.25491554,0.23956486,0.23352483,0.24814761,0.23788065,0.2191206,0.23446933,0.22934184,0.25436849,0.26409844,0.27561577,0.27499101,0.26972993,0.26807869,0.29297454,0.27900123,0.26609187,0.26216615,0.25510228,0.26685063,0.24767799,0.25083218,0.26339984,0.25108549,0.25534546,0.24486231,0.25266455,0.24495601,0.251006,0.081318104,0.10424598,0.084520734,0.17476076,0.044371353,0.079752167,0.096822377,0.083966229,0.17161464,0.10359366,0.10025925,0.075522959,0.23043629,0.15470494,0.098514543,0.069481624,0.080391876,0.22651624,0.16138358,0.1016309,0.09667232,0.0,0.24140905,0.25624797,0.2012233,0.21719422,0.23904573,0.26378995,0.27350929,0.25163192,0.27941546,0.27288879,0.28230674,0.26656449,0.25495805,0.26143036,0.25634618,0.2732579,0.26583203,0.245984,0.26157646,0.26941099,0.23253196,0.2483372
66,0.24343781,0.23221398,0.24377235,0.24923101,0.2253227,0.24881809,0.2502755,0.23926428,0.23309718,0.25178104,0.23246212,0.23272219,0.24473176,0.23753073,0.24608496,0.24844374,0.24663518,0.24230518,0.24936108,0.23739242,0.23521644,0.23581369,0.23559211,0.24484523,0.27022974,0.2656686,0.24527346,0.25573688,0.24793006,0.27137083,0.24659295,0.26298189,0.26363944,0.26725469,0.25834057,0.23602646,0.26061447,0.26095241,0.25320164,0.24847547,0.2289878,0.22869859,0.25244617,0.24859718,0.23219804,0.24173588,0.23863374,0.16980417,0.23808237,0.23510771,0.22207008,0.2246434,0.17273639,0.23181991,0.23658081,0.23073511,0.048613118,0.17403941,0.22880451,0.22758483,0.24038803,0.069296329,0.15886141,0.2464107,0.23141237,0.24140905,0.0,0.1233177,0.22830639,0.20422993,0.20229789,0.18813173,0.13232608,0.20935846,0.20494124,0.21647009,0.14472624,0.15680822,0.20405949,0.19858921,0.19722843,0.12737865,0.14531482,0.19735234,0.20861918,0.13410143,0.21719514,0.19807527
67,0.23452104,0.23668653,0.22584959,0.20749038,0.22425612,0.21565488,0.21411053,0.22604472,0.23000063,0.21575437,0.22099297,0.21928212,0.24806402,0.23692857,0.2468512,0.25108146,0.23496405,0.24460641,0.24610634,0.23806519,0.23475409,0.23429169,0.24006235,0.24200784,0.29397767,0.30826698,0.28763332,0.27054543,0.27795539,0.30755375,0.28595772,0.29397416,0.29193189,0.29193289,0.2749804,0.28405651,0.28843657,0.28887822,0.29027868,0.28305192,0.25944872,0.25561107,0.28931459,0.27590971,0.24828802,0.24351474,0.26403145,0.22450863,0.24974565,0.25228424,0.23518933,0.25145491,0.21856585,0.24466135,0.26401071,0.24475206,0.13643363,0.22672021,0.2384979,0.24452003,0.25813749,0.13146631,0.21042763,0.24551698,0.24438778,0.25624797,0.1233177,0.0,0.22590572,0.21012853,0.17907381,0.20187895,0.078459912,0.18897601,0.19404447,0.21352448,0.10232645,0.12310537,0.19988672,0.1985032,0.21905217,0.070615205,0.10699043,0.20135819,0.21282665,0.070374965,0.21868451,0.17763709
68,0.19090913,0.2134532,0.18752239,0.22659917,0.22077702,0.21302241,0.22338452,0.19034024,0.20156028,0.2109008,0.19784325,0.20829354,0.2212368,0.22962665,0.19625789,0.2347444,0.22391091,0.200108,0.2263584,0.22652205,0.19626158,0.21488554,0.19448523,0.22572949,0.25905598,0.27242923,0.26463899,0.24991352,0.25604793,0.25691839,0.26429614,0.25201589,0.24965315,0.24798826,0.25837999,0.2413012,0.23311087,0.23489179,0.24323476,0.24035379,0.24126584,0.23333926,0.23818403,0.24256734,0.20201503,0.2062961,0.20537354,0.22563256,0.20606943,0.20259634,0.20090536,0.20809765,0.2292258,0.19626321,0.22153313,0.20684327,0.22331967,0.2276035,0.19376985,0.20627268,0.21969101,0.22837407,0.22539615,0.19824236,0.19951624,0.2012233,0.22830639,0.22590572,0.0,0.17952998,0.20418312,0.19416629,0.23084597,0.19301223,0.150734,0.18435744,0.23587993,0.20824065,0.16675242,0.163329,0.17621227,0.23048599,0.21772467,0.16391854,0.16130446,0.22574689,0.18540699,0.21084883
69,0.24438912,0.25065132,0.23941375,0.21424461,0.21286702,0.21347856,0.21629589,0.23815983,0.25010514,0.20021204,0.24188399,0.25004807,0.21408747,0.21744249,0.23757306,0.235764,0.22509976,0.23798299,0.2292945,0.21596065,0.22970578,0.21530958,0.2352182,0.23281175,0.28615988,0.28348501,0.28432331,0.29250119,0.25602346,0.28792764,0.29504796,0.28884854,0.27908057,0.25327377,0.27267652,0.26655351,0.26251337,0.26142876,0.2472455,0.24362815,0.2356395,0.24147954,0.23728586,0.24356835,0.23040178,0.23422297,0.23988819,0.23317549,0.24061612,0.22416495,0.2313219,0.23654737,0.25361503,0.22831285,0.25628434,0.22652843,0.21716691,0.23848642,0.22971102,0.24182952,0.24478717,0.22364948,0.25482363,0.23183325,0.22876402,0.21719422,0.20422993,0.21012853,0.17952998,0.0,0.17263358,0.12260965,0.20577212,0.19891301,0.14399681,0.14535628,0.21083633,0.17167736,0.134048,0.15012922,0.14639798,0.20764379,0.19009314,0.16196857,0.13225878,0.19877473,0.14058671,0.17217805
70,0.22648342,0.22988022,0.2308933,0.22160652,0.21939227,0.23448281,0.23637005,0.22351434,0.2303476,0.2174498,0.2136778,0.22418937,0.22994421,0.22989449,0.24496124,0.22253658,0.22914457,0.24089902,0.23330627,0.23087567,0.22704353,0.21535698,0.2411718,0.22781865,0.2795859,0.26915638,0.29011394,0.27923173,0.26307888,0.30158887,0.2985742,0.27812352,0.2810804,0.26615756,0.26843596,0.27309245,0.26834835,0.28049025,0.25727993,0.24553105,0.25038408,0.25589532,0.25639391,0.26679475,0.23485574,0.22722525,0.24417071,0.25771435,0.25018839,0.23011083,0.21436092,0.23266162,0.24663772,0.23563574,0.24927928,0.23726548,0.21124784,0.23938428,0.21664378,0.22415161,0.24224072,0.20919893,0.22978064,0.23914244,0.22392789,0.23904573,0.20229789,0.17907381,0.20418312,0.17263358,0.0,0.1871663,0.17241661,0.13594412,0.20453241,0.20845599,0.18344657,0.16864184,0.20480879,0.20235222,0.20051361,0.18071578,0.17475505,0.1862411,0.199497,0.1749323,0.18801339,0.055415478
71,0.25705737,0.23781274,0.24285626,0.24793805,0.23748273,0.2395204,0.24399773,0.24336168,0.24860562,0.2397909,0.23933978,0.23455797,0.23153479,0.22519364,0.24309359,0.23757793,0.23599911,0.23338655,0.23521562,0.22356373,0.22250515,0.22146575,0.23723246,0.22970532,0.26485113,0.26102401,0.24855741,0.26431091,0.25570644,0.27083388,0.25441314,0.26461097,0.25484843,0.27740636,0.25670346,0.26400311,0.27595611,0.27902326,0.26014593,0.25772261,0.26207726,0.25666736,0.26392239,0.2715455,0.24627751,0.27480199,0.27269226,0.26470534,0.26136928,0.2610808,0.25750911,0.26885314,0.26574451,0.27643555,0.27150342,0.2680371,0.20705281,0.26676396,0.26614245,0.26371028,0.27288122,0.2124424,0.26318232,0.27565656,0.26849074,0.26378995,0.18813173,0.20187895,0.19416629,0.12260965,0.1871663,0.0,0.18814082,0.19700966,0.15864976,0.14381692,0.19636887,0.18148389,0.14472425,0.14322896,0.14725114,0.18852888,0.1832438,0.15383605,0.09926085,0.18784888,0.11228559,0.17656685
72,0.23694324,0.2276334,0.22795941,0.21164516,0.22824144,0.21630968,0.21493006,0.22500349,0.2247942,0.21468355,0.21728048,0.21740091,0.23969426,0.22692796,0.24481832,0.23955887,0.23140889,0.2380242,0.23775474,0.23072212,0.2271647,0.22832316,0.23821643,0.23282938,0.29125255,0.29238065,0.28634137,0.27036075,0.26889991,0.30078967,0.28441898,0.28487888,0.27982278,0.29465487,0.275169,0.28542759,0.29166403,0.29607513,0.27893363,0.26763966,0.25334473,0.24897777,0.27931078,0.26983438,0.26237968,0.25481393,0.27553319,0.23192195,0.26531254,0.26551514,0.24235406,0.26317443,0.22437064,0.25494982,0.26628354,0.26031525,0.14450821,0.22865068,0.24522196,0.25809379,0.26859867,0.14917954,0.2147304,0.2623295,0.24926522,0.27350929,0.13232608,0.078459912,0.23084597,0.20577212,0.17241661,0.18814082,0.0,0.196616,0.1940661,0.19327457,0.067689347,0.10878226,0.19364608,0.19851741,0.21125718,0.062113154,0.086492204,0.20480191,0.21422195,0.061092184,0.20320983,0.17879632
73,0.21962784,0.23531048,0.22052402,0.24088594,0.24366965,0.25736568,0.25602599,0.22534728,0.23118742,0.24057622,0.21761305,0.22051555,0.24646508,0.25015069,0.25467115,0.25824369,0.24371156,0.25394931,0.24747322,0.2469085,0.23993842,0.23216856,0.25477534,0.25599067,0.27883934,0.28793494,0.28735634,0.26764881,0.26620639,0.28231258,0.28857628,0.27747971,0.2782088,0.29078205,0.26904606,0.283635,0.2772829,0.28012776,0.27944568,0.27900215,0.26095782,0.25460179,0.28296789,0.28442753,0.24877627,0.25524562,0.26771407,0.26252162,0.26566809,0.25166309,0.24939079,0.24875303,0.26160017,0.26704898,0.25548374,0.26119497,0.21223043,0.26200681,0.23949379,0.24503268,0.27000938,0.21282226,0.24672243,0.25720653,0.25856477,0.25163192,0.20935846,0.18897601,0.19301223,0.19891301,0.13594412,0.19700966,0.196616,0.0,0.16237962,0.17189564,0.18483824,0.17754442,0.17534137,0.18220367,0.17885087,0.19764752,0.17881448,0.15737493,0.17045228,0.1906659,0.18809368,0.12114895
74,0.2256949,0.25376886,0.21406675,0.23009035,0.24123635,0.22598508,0.223832,0.22359053,0.23559644,0.22048731,0.22425743,0.23070514,0.23323292,0.23804579,0.23742194,0.25337323,0.24036809,0.23645715,0.24765591,0.2389018,0.23602431,0.22985253,0.23686089,0.24670937,0.2863028,0.2890851,0.2725874,0.28052271,0.26390938,0.27621792,0.27821934,0.28429247,0.27578101,0.26967927,0.27779078,0.26598513,0.2646146,0.26597245,0.27437037,0.26288275,0.24333188,0.25190749,0.25998773,0.27036665,0.27538065,0.28056047,0.28318643,0.26415022,0.27914351,0.27130805,0.26127192,0.28197313,0.25856106,0.26623885,0.28105106,0.27921917,0.20734763,0.25720419,0.25950098,0.28055877,0.29197881,0.21805457,0.26501553,0.26839447,0.27284482,0.27941546,0.20494124,0.19404447,0.150734,0.14399681,0.20453241,0.15864976,0.1940661,0.16237962,0.0,0.10806937,0.18174185,0.14964111,0.096660887,0.10765049,0.10986792,0.19774224,0.16897351,0.13237307,0.12091,0.18496343,0.15311821,0.20279698
75,0.24116677,0.2516033,0.2267551,0.2454312,0.23863621,0.23399277,0.23988441,0.23868019,0.25184069,0.22506658,0.23219091,0.22578182,0.23060704,0.23878125,0.24883537,0.24842741,0.23960758,0.24337865,0.24921359,0.237931,0.23837737,0.23099827,0.24114934,0.241033,0.27649843,0.28169215,0.26528179,0.27989587,0.25928023,0.27942337,0.27642213,0.28226737,0.27473217,0.28082185,0.27529691,0.2769103,0.28284874,0.28343393,0.2625258,0.26284629,0.25234256,0.25230482,0.27021,0.26965205,0.26586347,0.2852096,0.2796274,0.25656505,0.27898623,0.2722685,0.26549232,0.27427069,0.26694044,0.2804454,0.2802321,0.27615093,0.22323611,0.2711356,0.2664791,0.26763098,0.29217256,0.2218045,0.26375098,0.27242791,0.28093794,0.27288879,0.21647009,0.21352448,0.18435744,0.14535628,0.20845599,0.14381692,0.19327457,0.17189564,0.10806937,0.0,0.17554443,0.16677039,0.063554802,0.1260669,0.13200495,0.20327968,0.18029211,0.13939693,0.14081769,0.19672255,0.14781607,0.20424387
76,0.25892987,0.25785334,0.24558337,0.23377762,0.24004053,0.23673747,0.23279947,0.25018515,0.2496466,0.23383373,0.2468468,0.24397293,0.26153283,0.24679717,0.26689451,0.26285939,0.2544746,0.26164172,0.26158631,0.25123485,0.24962723,0.25372838,0.26067014,0.25562276,0.30162626,0.30632768,0.29092583,0.28001938,0.28038013,0.30679751,0.28443019,0.29989472,0.29047738,0.30482962,0.28426722,0.2972291,0.30258361,0.30298176,0.29360631,0.28592401,0.25704587,0.25885074,0.29206902,0.28670248,0.27456876,0.26417293,0.2823109,0.2388087,0.28334252,0.27681669,0.25619219,0.27196502,0.22798218,0.2632141,0.27491877,0.27506222,0.16094855,0.23851045,0.25205246,0.27241037,0.28866444,0.16343648,0.22529574,0.27176439,0.26986215,0.28230674,0.14472624,0.10232645,0.23587993,0.21083633,0.18344657,0.19636887,0.067689347,0.18483824,0.18174185,0.17554443,0.0,0.090953035,0.17727146,0.18642455,0.20868139,0.095369529,0.065564003,0.19363643,0.21573927,0.09592979,0.20571925,0.19541821
77,0.24311848,0.25870587,0.23178747,0.22223298,0.22760933,0.21920481,0.22071758,0.23304662,0.24157058,0.21707779,0.23514802,0.24404944,0.24988332,0.24529592,0.25646626,0.26106945,0.25040176,0.25233889,0.25464858,0.24571721,0.23999726,0.24333699,0.25354325,0.25432931,0.29251017,0.29751769,0.27287355,0.2694996,0.26933757,0.28842916,0.27222297,0.2910609,0.27918112,0.27357647,0.27782024,0.2556893,0.26796911,0.26650585,0.27241362,0.26398875,0.23423842,0.24082664,0.26078459,0.26002737,0.2661715,0.27338229,0.26948406,0.23748137,0.274715,0.25965857,0.25977677,0.27259653,0.23580723,0.25643629,0.27355218,0.26926908,0.16724914,0.23615261,0.26031395,0.27097742,0.27746188,0.17907721,0.23981536,0.27249017,0.27060086,0.26656449,0.15680822,0.12310537,0.20824065,0.17167736,0.16864184,0.18148389,0.10878226,0.17754442,0.14964111,0.16677039,0.090953035,0.0,0.16164041,0.15891766,0.17994288,0.1256595,0.09277741,0.18105992,0.16797566,0.11556904,0.19169329,0.1782722
78,0.2281523,0.23669594,0.2134097,0.23024859,0.22989652,0.22611221,0.22718336,0.22057795,0.23417782,0.21245434,0.2264168,0.22348719,0.21747037,0.22854907,0.2269727,0.23416375,0.2249178,0.22603889,0.2355326,0.2297332,0.22288861,0.22044414,0.22454552,0.2263188,0.27413398,0.27250973,0.2702992,0.27620816,0.25438039,0.27352033,0.2818788,0.27636683,0.26932152,0.26422381,0.27269338,0.2687975,0.26657827,0.26701723,0.25656403,0.24925479,0.23729939,0.24674949,0.25042784,0.25226186,0.25090325,0.26608839,0.26222612,0.24747369,0.26327746,0.25711302,0.25743573,0.25736548,0.25968563,0.26368289,0.27189494,0.26044128,0.20714651,0.25553544,0.25095835,0.26532061,0.28325872,0.21255693,0.26338288,0.2572706,0.26710971,0.25495805,0.20405949,0.19988672,0.16675242,0.134048,0.20480879,0.14472425,0.19364608,0.17534137,0.096660887,0.063554802,0.17727146,0.16164041,0.0,0.12320313,0.11380714,0.19717812,0.17377316,0.13806347,0.1335534,0.19023779,0.15113835,0.20273056
79,0.23368479,0.25139038,0.2211391,0.24425128,0.223067,0.2237649,0.22889065,0.22940088,0.23967036,0.23768984,0.22928776,0.23150386,0.23841416,0.24514121,0.2338815,0.25407161,0.24803561,0.22921471,0.2527609,0.24209819,0.22470813,0.23705903,0.22808702,0.24953256,0.27271909,0.28499612,0.26052116,0.27717127,0.26488349,0.27199493,0.26285926,0.2735703,0.26426392,0.27726481,0.27783717,0.26000193,0.27648894,0.2767472,0.27296666,0.26786108,0.25358858,0.24848136,0.26882184,0.2732453,0.25302308,0.26574539,0.26314042,0.2479048,0.27012307,0.25522999,0.25126094,0.25390158,0.24861081,0.26541402,0.26709475,0.26064423,0.20510148,0.24921122,0.25312512,0.2604555,0.27213979,0.21063864,0.25216662,0.25888642,0.2650316,0.26143036,0.19858921,0.1985032,0.163329,0.15012922,0.20235222,0.14322896,0.19851741,0.18220367,0.10765049,0.1260669,0.18642455,0.15891766,0.12320313,0.0,0.134147,0.2026825,0.17500506,0.14249515,0.11978889,0.18744221,0.13499547,0.19816766
80,0.23494762,0.24677404,0.22236776,0.24233074,0.2373563,0.23731284,0.24195553,0.22122536,0.24345656,0.2322769,0.22986991,0.23223,0.22648551,0.23082263,0.23898386,0.23511638,0.2292969,0.23493105,0.23435263,0.22819085,0.23378888,0.22262469,0.23940705,0.24156475,0.26993864,0.26697353,0.25456737,0.26541574,0.25264128,0.26956022,0.26516521,0.26677874,0.2560255,0.2525929,0.26717768,0.24483091,0.25724781,0.26332227,0.24938348,0.24273512,0.23327422,0.24376196,0.24250779,0.25397751,0.25704158,0.267494,0.26573068,0.25642086,0.25693768,0.25163418,0.25617707,0.26479358,0.26625925,0.26150217,0.27608969,0.25353097,0.20717394,0.24715455,0.25134606,0.27045232,0.26732767,0.21791316,0.25594681,0.26091695,0.25551553,0.25634618,0.19722843,0.21905217,0.17621227,0.14639798,0.20051361,0.14725114,0.21125718,0.17885087,0.10986792,0.13200495,0.20868139,0.17994288,0.11380714,0.134147,0.0,0.21190418,0.19214046,0.13811081,0.1160657,0.20366371,0.15198526,0.19543275
81,0.245267,0.23224536,0.23400373,0.21415518,0.23311915,0.21438874,0.21416408,0.22967277,0.23053276,0.21847068,0.22652993,0.22700965,0.24198289,0.22907244,0.24214381,0.23788711,0.23135166,0.23619162,0.23712922,0.23467161,0.22704474,0.22838382,0.23343722,0.23490594,0.30129333,0.30128546,0.28470516,0.27473836,0.27455822,0.31182333,0.28664158,0.29096811,0.29176079,0.30076692,0.28452333,0.28013627,0.29807805,0.30091931,0.28567921,0.27082812,0.26105699,0.25570384,0.28490866,0.27746399,0.26235271,0.26070958,0.27095344,0.23021957,0.26773598,0.26258375,0.24821554,0.26227395,0.2265402,0.25924593,0.27287177,0.26123854,0.14584704,0.22628392,0.25069495,0.25892929,0.26917443,0.14501414,0.21484755,0.26901814,0.25773323,0.2732579,0.12737865,0.070615205,0.23048599,0.20764379,0.18071578,0.18852888,0.062113154,0.19764752,0.19774224,0.20327968,0.095369529,0.1256595,0.19717812,0.2026825,0.21190418,0.0,0.10414092,0.19910525,0.21540238,0.037684078,0.20535555,0.18495196
82,0.24719823,0.26682507,0.2375949,0.2350094,0.23073882,0.23364178,0.23283844,0.24703448,0.2517573,0.23081275,0.24663985,0.24598555,0.25585631,0.25315293,0.25599911,0.25771863,0.25565554,0.25708992,0.26289348,0.25210644,0.23776588,0.25207696,0.25322828,0.25926107,0.3019978,0.30492249,0.27728743,0.28453856,0.27083974,0.2993855,0.27521634,0.30099823,0.29186969,0.28814212,0.28719535,0.27638944,0.28946817,0.29138231,0.28643648,0.27576996,0.24332682,0.24298649,0.27585317,0.27728632,0.26278474,0.25422865,0.26835544,0.23260213,0.26833876,0.26012705,0.24846064,0.2590557,0.21616057,0.24929676,0.26023475,0.2600731,0.16016411,0.22893732,0.24633201,0.26370163,0.27009858,0.16314753,0.21284216,0.2562919,0.26059629,0.26583203,0.14531482,0.10699043,0.21772467,0.19009314,0.17475505,0.1832438,0.086492204,0.17881448,0.16897351,0.18029211,0.065564003,0.09277741,0.17377316,0.17500506,0.19214046,0.10414092,0.0,0.17592194,0.18854757,0.10538731,0.19502138,0.18259059
83,0.23252053,0.25086339,0.22230672,0.23142441,0.23106168,0.21254259,0.21771117,0.23715509,0.23755069,0.22179393,0.23367429,0.23715906,0.22799287,0.22308079,0.23164971,0.24082624,0.22784325,0.22533124,0.23674214,0.22463497,0.22414941,0.21757914,0.22609662,0.23930057,0.27044048,0.27650407,0.25692908,0.26561446,0.24234243,0.26272028,0.25674052,0.2653059,0.25655788,0.25077817,0.26758377,0.26194239,0.25588353,0.25474878,0.24926924,0.24843113,0.23112876,0.22105757,0.24624746,0.25229506,0.23904866,0.24820829,0.25095007,0.24222405,0.25395396,0.24159821,0.24488344,0.24296663,0.2241407,0.25281318,0.24587051,0.25143,0.19663986,0.22772619,0.24188617,0.25359002,0.25050327,0.20382856,0.23397437,0.24527025,0.24563481,0.245984,0.19735234,0.20135819,0.16391854,0.16196857,0.1862411,0.15383605,0.20480191,0.15737493,0.13237307,0.13939693,0.19363643,0.18105992,0.13806347,0.14249515,0.13811081,0.19910525,0.17592194,0.0,0.11230412,0.20047316,0.16721701,0.18739658
84,0.21881571,0.23590803,0.20949253,0.23953711,0.23015288,0.21744698,0.21877008,0.22368746,0.23457897,0.23019947,0.2209693,0.23041191,0.23643632,0.23774681,0.23293395,0.25213232,0.24603084,0.23452596,0.2444568,0.23922392,0.22715202,0.22715569,0.23042977,0.25190275,0.26493658,0.27332774,0.24745003,0.26334813,0.25643726,0.2545719,0.24870168,0.2643311,0.25226032,0.26264673,0.26573684,0.24394914,0.25252223,0.25257866,0.26061111,0.26090404,0.23731701,0.23162027,0.25497504,0.26394206,0.2591254,0.27207075,0.27060886,0.26230429,0.26154372,0.25303765,0.25871181,0.26522938,0.25405984,0.26474394,0.26681266,0.25950948,0.21238164,0.25315773,0.25886761,0.26923202,0.26694044,0.22119511,0.26324652,0.26310132,0.26077842,0.26157646,0.20861918,0.21282665,0.16130446,0.13225878,0.199497,0.09926085,0.21422195,0.17045228,0.12091,0.14081769,0.21573927,0.16797566,0.1335534,0.11978889,0.1160657,0.21540238,0.18854757,0.11230412,0.0,0.20573678,0.15581868,0.19695444
85,0.23696011,0.22849335,0.23373331,0.20865137,0.232332,0.21353292,0.21072447,0.22513718,0.22639228,0.2135744,0.21914483,0.21680758,0.24289333,0.22761532,0.24816821,0.24162648,0.23552136,0.23799517,0.23740032,0.23208781,0.22514617,0.23232906,0.2396014,0.23556055,0.29483142,0.29337864,0.28471117,0.26234695,0.27160421,0.30024222,0.28579515,0.28330219,0.28574407,0.29636416,0.27617545,0.28007943,0.28540119,0.29045298,0.28168885,0.27111936,0.25119658,0.25089654,0.280997,0.27543063,0.25803846,0.25640709,0.2718198,0.22770405,0.26333071,0.26085608,0.24370379,0.26183272,0.22808066,0.25803621,0.26737931,0.25991421,0.15050572,0.23171094,0.24609181,0.25676591,0.26547837,0.15020018,0.21417999,0.26331576,0.2548164,0.26941099,0.13410143,0.070374965,0.22574689,0.19877473,0.1749323,0.18784888,0.061092184,0.1906659,0.18496343,0.19672255,0.09592979,0.11556904,0.19023779,0.18744221,0.20366371,0.037684078,0.10538731,0.20047316,0.20573678,0.0,0.20222987,0.179862
86,0.25873185,0.26517569,0.25021448,0.20932709,0.2624948,0.21951232,0.22204496,0.24640515,0.26573741,0.22208333,0.25081651,0.25422942,0.23326743,0.22831057,0.24395505,0.23793676,0.23337486,0.24083983,0.24746744,0.22681562,0.22946255,0.23041329,0.24086909,0.23910396,0.27427004,0.27848425,0.25769918,0.27067925,0.25642651,0.28455349,0.2626506,0.27054538,0.25887817,0.2754917,0.26320407,0.26922569,0.27957418,0.28881285,0.26419646,0.26358359,0.26183888,0.2571933,0.26154492,0.27194724,0.22548368,0.24335306,0.25133321,0.27563732,0.23369895,0.23595272,0.22337839,0.23560396,0.26045607,0.23600097,0.24686051,0.24283206,0.22522723,0.26318624,0.22790425,0.22776907,0.24785955,0.24429144,0.2524403,0.23691807,0.2365838,0.23253196,0.21719514,0.21868451,0.18540699,0.14058671,0.18801339,0.11228559,0.20320983,0.18809368,0.15311821,0.14781607,0.20571925,0.19169329,0.15113835,0.13499547,0.15198526,0.20535555,0.19502138,0.16721701,0.15581868,0.20222987,0.0,0.18373445
87,0.22716484,0.23091778,0.23529046,0.22036232,0.22641665,0.2337592,0.2342715,0.22894565,0.22800413,0.21807751,0.22273793,0.22263675,0.22400765,0.22971177,0.24477587,0.22544347,0.23089172,0.24134891,0.23400488,0.22812581,0.23092292,0.21775877,0.24037281,0.23100182,0.28612219,0.27108572,0.29272688,0.27689099,0.26358747,0.2961707,0.30044821,0.27961143,0.28729812,0.27585148,0.27923827,0.28552748,0.27992284,0.28944945,0.26972758,0.25864282,0.26369329,0.263524,0.26419781,0.26773568,0.24008021,0.23451674,0.25554013,0.25602739,0.25225968,0.23666168,0.22462735,0.23179528,0.24528542,0.24430801,0.25474508,0.24464597,0.2061916,0.24310115,0.22410878,0.23173179,0.24945027,0.20264418,0.23425748,0.2446473,0.23808295,0.2483372,0.19807527,0.17763709,0.21084883,0.17217805,0.055415478,0.17656685,0.17879632,0.12114895,0.20279698,0.20424387,0.19541821,0.1782722,0.20273056,0.19816766,0.19543275,0.18495196,0.18259059,0.18739658,0.19695444,0.179862,0.18373445,0.0
